word_id,word,translation,topic_id,topic,subtopic,difficulty,risk,rule,example,definition,part_of_speech,library,source
logistics-inventory-control-inventory,inventory,запасы,logistics,Logistics,Inventory Control,medium,4,,The inventory report showed fewer items than expected.,the full list or amount of goods a business keeps in stock,noun,Shared — Inventory Fundamentals,built-in
logistics-inventory-control-stock,stock,товарный запас,logistics,Logistics,Inventory Control,easy,3,,The store keeps extra stock for busy weekends.,the goods a shop or business keeps ready to sell,noun,Shared — Inventory Fundamentals,built-in
logistics-inventory-control-replenishment,replenishment,пополнение запасов,logistics,Logistics,Inventory Control,hard,5,,The manager planned replenishment before the shelves became empty.,the act of filling something up again after it runs low,noun,Shared — Inventory Fundamentals,built-in
logistics-inventory-control-safety-stock,safety stock,страховой запас,logistics,Logistics,Inventory Control,hard,5,,Safety stock protects the warehouse from unexpected demand.,extra goods kept in case of sudden or unexpected demand,noun,Shared — Inventory Fundamentals,built-in
logistics-inventory-control-demand-planning,demand planning,планирование спроса,logistics,Logistics,Inventory Control,hard,5,,Good demand planning helps the company order materials early.,the process of estimating how much customers will want to buy,noun,Shared — Inventory Fundamentals,built-in
logistics-inventory-control-inventory-accuracy,inventory accuracy,точность учёта запасов,logistics,Logistics,Inventory Control,hard,5,,Inventory accuracy improved after the team checked every shelf.,how closely recorded quantities match what is actually on the shelves,noun,Shared — Inventory Fundamentals,built-in
logistics-receiving-and-storage-storage-location,storage location,место хранения,logistics,Logistics,Receiving and Storage,medium,4,,Each box has a clear storage location in the warehouse.,the exact spot where an item is kept inside a building,noun,Shared — Inventory Fundamentals,built-in
general-english-professional-communication-deadline,deadline,крайний срок,general-english,General English,Professional Communication,easy,3,,I finished the report before the deadline.,the latest time or date by which something must be finished,noun,Shared — Professional Essentials,built-in
general-english-professional-communication-research,research,исследование,general-english,General English,Professional Communication,medium,3,,Her research helped the team understand customer needs.,careful study of a subject to discover new facts,noun,Shared — Professional Essentials,built-in
general-english-professional-communication-responsibility,responsibility,ответственность,general-english,General English,Professional Communication,medium,3,,Checking the order is my responsibility today.,a duty that a person must deal with or take care of,noun,Shared — Professional Essentials,built-in
general-english-professional-communication-achievement,achievement,достижение,general-english,General English,Professional Communication,medium,3,,Passing the difficult exam was a proud achievement.,something difficult that a person has succeeded in doing,noun,Shared — Professional Essentials,built-in
general-english-professional-communication-presentation,presentation,презентация,general-english,General English,Professional Communication,easy,2,,His presentation explained the new process clearly.,a talk that explains information to a group of people,noun,Shared — Professional Essentials,built-in
general-english-professional-communication-communication,communication,общение,general-english,General English,Professional Communication,medium,3,,Clear communication prevents many problems at work.,the sharing of information between people,noun,Shared — Professional Essentials,built-in
logistics-supply-chain-supplier,supplier,поставщик,logistics,Logistics,Supply Chain,easy,3,,The supplier delivered the materials on time.,a company that provides goods or materials to another business,noun,Supply Chain Core,built-in
logistics-supply-chain-shipment,shipment,поставка / отгрузка,logistics,Logistics,Supply Chain,medium,4,,The shipment arrived at the warehouse this morning.,a batch of goods sent from one place to another,noun,Supply Chain Core,built-in
logistics-supply-chain-delivery,delivery,доставка,logistics,Logistics,Supply Chain,easy,3,,The delivery reached our office before lunch.,the act of bringing goods to the place where they are needed,noun,Supply Chain Core,built-in
logistics-receiving-and-storage-goods-receipt,goods receipt,приёмка товара,logistics,Logistics,Receiving and Storage,medium,4,,The clerk recorded the goods receipt in the system.,an official record showing that ordered items have arrived,noun,Supply Chain Core,built-in
logistics-order-fulfilment-order-picking,order picking,комплектация заказа,logistics,Logistics,Order Fulfilment,medium,4,,Order picking becomes faster when products are well labelled.,the task of collecting the correct items requested by a buyer,noun,Supply Chain Core,built-in
logistics-receiving-and-storage-warehouse-layout,warehouse layout,планировка склада,logistics,Logistics,Receiving and Storage,hard,4,,The new warehouse layout saves space and walking time.,the way shelves and spaces are arranged inside a storage building,noun,Supply Chain Core,built-in
logistics-supply-chain-distribution-center,distribution center,распределительный центр,logistics,Logistics,Supply Chain,hard,4,,The distribution center sends products across the region.,a large building used to sort and send out goods,noun,Supply Chain Core,built-in
logistics-supply-chain-lead-time,lead time,срок поставки,logistics,Logistics,Supply Chain,medium,4,,The supplier reduced the lead time by two days.,the length of the wait between placing a request and getting it,noun,Supply Chain Core,built-in
logistics-supply-chain-transportation-cost,transportation cost,транспортные расходы,logistics,Logistics,Supply Chain,hard,4,,Fuel prices increased the transportation cost this month.,the amount of money spent on moving goods from place to place,noun,Supply Chain Core,built-in
warehouse-operations-sap-warehouse-processes-material,material,материал,warehouse-operations,Warehouse Operations,SAP Warehouse Processes,easy,3,,The worker moved the material to another shelf.,a substance used to make or build something,noun,Warehouse Operations — SAP,built-in
warehouse-operations-sap-warehouse-processes-purchase-order,purchase order,заказ на поставку,warehouse-operations,Warehouse Operations,SAP Warehouse Processes,medium,4,,The buyer sent a purchase order to the supplier.,a written request to buy a certain quantity of goods,noun,Warehouse Operations — SAP,built-in
warehouse-operations-sap-warehouse-processes-goods-movement,goods movement,движение товара,warehouse-operations,Warehouse Operations,SAP Warehouse Processes,hard,5,,The system records every goods movement automatically.,any change in the location or quantity of stored items,noun,Warehouse Operations — SAP,built-in
warehouse-operations-sap-warehouse-processes-warehouse-task,warehouse task,складская задача,warehouse-operations,Warehouse Operations,SAP Warehouse Processes,hard,5,,The worker completed the warehouse task before noon.,a job that must be completed inside a storage building,noun,Warehouse Operations — SAP,built-in
warehouse-operations-sap-warehouse-processes-inbound-processing,inbound processing,входящая обработка,warehouse-operations,Warehouse Operations,SAP Warehouse Processes,hard,5,,Inbound processing begins when the truck reaches the dock.,the steps taken when goods first arrive at a facility,noun,Warehouse Operations — SAP,built-in
warehouse-operations-sap-warehouse-processes-outbound-processing,outbound processing,исходящая обработка,warehouse-operations,Warehouse Operations,SAP Warehouse Processes,hard,5,,Outbound processing prepares customer orders for dispatch.,the steps taken to prepare goods for sending out,noun,Warehouse Operations — SAP,built-in
warehouse-operations-inventory-control-physical-inventory,physical inventory,физическая инвентаризация,warehouse-operations,Warehouse Operations,Inventory Control,hard,5,,The team counted the physical inventory on Friday.,a manual count of the actual items kept in stock,noun,Warehouse Operations — SAP,built-in
warehouse-operations-sap-warehouse-processes-material-document,material document,документ материала,warehouse-operations,Warehouse Operations,SAP Warehouse Processes,hard,5,,The system created a material document after the movement.,a paper or digital record describing a change in stock,noun,Warehouse Operations — SAP,built-in
business-and-office-finance-and-planning-revenue,revenue,выручка,business-and-office,Business and Office,Finance and Planning,medium,4,,The company increased its revenue during the summer.,the total money a business earns from selling goods or services,noun,Business and Office Core,built-in
business-and-office-finance-and-planning-expenses,expenses,расходы,business-and-office,Business and Office,Finance and Planning,medium,4,,We reviewed our monthly expenses before planning the budget.,the money that a person or company spends regularly,noun,Business and Office Core,built-in
business-and-office-finance-and-planning-profit,profit,прибыль,business-and-office,Business and Office,Finance and Planning,medium,3,,The business made a small profit last quarter.,the money left after all costs have been paid,noun,Business and Office Core,built-in
business-and-office-finance-and-planning-profit-margin,profit margin,маржа прибыли,business-and-office,Business and Office,Finance and Planning,hard,5,,The higher profit margin supported the company’s growth.,the percentage of income that remains as gain after costs,noun,Business and Office Core,built-in
business-and-office-finance-and-planning-invoice,invoice,счёт-фактура,business-and-office,Business and Office,Finance and Planning,medium,4,,Please check the invoice before sending the payment.,a document that lists goods sold and the amount owed,noun,Business and Office Core,built-in
business-and-office-meetings-and-negotiation-negotiation,negotiation,переговоры,business-and-office,Business and Office,Meetings and Negotiation,medium,4,,The negotiation ended with a fair agreement.,a discussion aimed at reaching an agreement between two sides,noun,Business and Office Core,built-in
business-and-office-meetings-and-negotiation-agreement,agreement,соглашение,business-and-office,Business and Office,Meetings and Negotiation,easy,3,,Both companies signed the agreement after the meeting.,a decision or arrangement that two or more people accept,noun,Business and Office Core,built-in
business-and-office-meetings-and-negotiation-recruitment,recruitment,подбор персонала,business-and-office,Business and Office,Meetings and Negotiation,hard,4,,The recruitment process starts with an online application.,the process of finding and hiring new staff,noun,Business and Office Core,built-in
business-and-office-finance-and-planning-target,target,цель,business-and-office,Business and Office,Finance and Planning,easy,3,,Our team reached the monthly target in September.,a result that a person or team aims to reach,noun,Business and Office Core,built-in
business-and-office-meetings-and-negotiation-customer-satisfaction,customer satisfaction,удовлетворённость клиентов,business-and-office,Business and Office,Meetings and Negotiation,hard,4,,Customer satisfaction improved after delivery became faster.,how happy buyers feel about a product or service,noun,Business and Office Core,built-in
business-and-office-finance-and-planning-market-demand,market demand,рыночный спрос,business-and-office,Business and Office,Finance and Planning,hard,4,,Market demand changes when prices or seasons change.,how much of a product people want to buy at a given time,noun,Business and Office Core,built-in
business-and-office-finance-and-planning-cash-flow,cash flow,денежный поток,business-and-office,Business and Office,Finance and Planning,hard,5,,Good cash flow helps a small business pay bills.,the money moving into and out of a business over time,noun,Business and Office Core,built-in
business-and-office-meetings-and-negotiation-complaint,complaint,жалоба,business-and-office,Business and Office,Meetings and Negotiation,medium,3,,The manager answered the customer’s complaint politely.,a statement that expresses dissatisfaction about something,noun,Business and Office Core,built-in
general-english-active-vocabulary-environment,environment,окружающая среда,general-english,General English,Active Vocabulary,medium,4,,We should protect the environment by wasting less water.,"the natural world of land, air, water and living things",noun,General English — Active Vocabulary,built-in
general-english-active-vocabulary-opportunity,opportunity,возможность,general-english,General English,Active Vocabulary,medium,4,,This course gave me an opportunity to improve my skills.,a chance to do something that could bring a benefit,noun,General English — Active Vocabulary,built-in
general-english-active-vocabulary-society,society,общество,general-english,General English,Active Vocabulary,medium,3,,Education can create positive changes in society.,a large group of people living together with shared customs,noun,General English — Active Vocabulary,built-in
general-english-active-vocabulary-technology,technology,технология,general-english,General English,Active Vocabulary,easy,2,,Modern technology makes communication much easier.,the use of scientific knowledge to build tools and machines,noun,General English — Active Vocabulary,built-in
general-english-active-vocabulary-culture,culture,культура,general-english,General English,Active Vocabulary,easy,2,,Learning about another culture can change your perspective.,"the customs, beliefs and way of life of a group of people",noun,General English — Active Vocabulary,built-in
study-and-career-learning-and-research-assignment,assignment,задание,study-and-career,Study and Career,Learning and Research,medium,3,,I completed the assignment before the evening class.,a piece of work given to a student or employee,noun,Study and Career Core,built-in
study-and-career-career-development-interview,interview,собеседование,study-and-career,Study and Career,Career Development,medium,3,,She prepared carefully for her job interview.,a formal meeting in which someone is asked questions,noun,Study and Career Core,built-in
study-and-career-career-development-qualification,qualification,квалификация,study-and-career,Study and Career,Career Development,hard,4,,This qualification can help me find better work.,a skill or certificate that shows someone is suited for a task,noun,Study and Career Core,built-in
study-and-career-career-development-experience,experience,опыт,study-and-career,Study and Career,Career Development,easy,2,,Warehouse experience is useful for many logistics jobs.,knowledge or skill gained from doing something over time,noun,Study and Career Core,built-in
travel-and-culture-travel-planning-luggage,luggage,багаж,travel-and-culture,Travel and Culture,Travel Planning,medium,3,,Please keep your luggage near your seat.,the bags and suitcases that a traveller carries,noun,Travel and Culture Core,built-in
travel-and-culture-travel-planning-departure,departure,отправление,travel-and-culture,Travel and Culture,Travel Planning,medium,3,,The departure was delayed because of heavy rain.,"the act of leaving a place, especially at the start of a journey",noun,Travel and Culture Core,built-in
travel-and-culture-travel-planning-arrival,arrival,прибытие,travel-and-culture,Travel and Culture,Travel Planning,medium,3,,We checked the train time before our arrival.,the moment when a person or vehicle reaches a place,noun,Travel and Culture Core,built-in
travel-and-culture-at-the-destination-accommodation,accommodation,проживание,travel-and-culture,Travel and Culture,At the Destination,hard,4,,Our accommodation was clean and close to public transport.,"a place where a traveller stays, such as a hotel room",noun,Travel and Culture Core,built-in
travel-and-culture-at-the-destination-directions,directions,направления,travel-and-culture,Travel and Culture,At the Destination,medium,4,,The receptionist gave us clear directions to the station.,instructions that explain how to reach a place,noun,Travel and Culture Core,built-in
travel-and-culture-travel-planning-ticket,ticket,билет,travel-and-culture,Travel and Culture,Travel Planning,easy,2,,I bought a train ticket online yesterday.,a small printed card that allows someone to travel or enter,noun,Travel and Culture Core,built-in
travel-and-culture-travel-planning-reservation,reservation,бронирование,travel-and-culture,Travel and Culture,Travel Planning,medium,3,,Our hotel reservation includes breakfast and free Wi-Fi.,an arrangement made in advance to keep something for later use,noun,Travel and Culture Core,built-in
travel-and-culture-travel-planning-delay,delay,задержка,travel-and-culture,Travel and Culture,Travel Planning,easy,2,,The flight had a short delay because of fog.,a period of time when something happens later than planned,noun,Travel and Culture Core,built-in
travel-and-culture-travel-planning-border,border,граница,travel-and-culture,Travel and Culture,Travel Planning,easy,2,,The truck waited at the border for inspection.,the line that separates one country or area from another,noun,Travel and Culture Core,built-in
travel-and-culture-at-the-destination-sightseeing,sightseeing,осмотр достопримечательностей,travel-and-culture,Travel and Culture,At the Destination,hard,4,,We spent the afternoon sightseeing in the old town.,visiting famous or interesting places as a tourist,noun,Travel and Culture Core,built-in
sport-and-fitness-training-and-competition-training,training,тренировка,sport-and-fitness,Sport and Fitness,Training and Competition,easy,2,,Regular training helps athletes improve their technique.,regular practice that improves a skill or physical ability,noun,Sport and Fitness Core,built-in
sport-and-fitness-training-and-competition-match,match,матч,sport-and-fitness,Sport and Fitness,Training and Competition,easy,2,,The team won the match by one goal.,a sports game played between two teams or players,noun,Sport and Fitness Core,built-in
sport-and-fitness-training-and-competition-tournament,tournament,турнир,sport-and-fitness,Sport and Fitness,Training and Competition,medium,3,,Our club organized a small tournament last weekend.,a series of games in which players compete for a final prize,noun,Sport and Fitness Core,built-in
sport-and-fitness-training-and-competition-goalkeeper,goalkeeper,вратарь,sport-and-fitness,Sport and Fitness,Training and Competition,medium,3,,The goalkeeper stopped the ball near the final whistle.,the player whose job is to stop the ball entering the goal,noun,Sport and Fitness Core,built-in
sport-and-fitness-training-and-competition-defender,defender,защитник,sport-and-fitness,Sport and Fitness,Training and Competition,medium,3,,The defender blocked the shot near the goal.,a player whose main task is to stop the other team scoring,noun,Sport and Fitness Core,built-in
sport-and-fitness-training-and-competition-score,score,счёт (в игре),sport-and-fitness,Sport and Fitness,Training and Competition,easy,2,,The final score was three goals to one.,the number of points a team or player has earned in a game,noun,Sport and Fitness Core,built-in
sport-and-fitness-health-and-recovery-injury,injury,травма,sport-and-fitness,Sport and Fitness,Health and Recovery,medium,3,,He returned to training after a minor injury.,physical damage or harm caused to part of the body,noun,Sport and Fitness Core,built-in
everyday-life-daily-routines-breakfast,breakfast,завтрак,everyday-life,Everyday Life,Daily Routines,easy,2,,I usually eat breakfast before leaving home.,"the first meal of the day, eaten in the morning",noun,Everyday Life — Daily Routines,built-in
everyday-life-daily-routines-commute,commute,дорога на работу,everyday-life,Everyday Life,Daily Routines,medium,3,,I commute by bus when the weather is cold.,to travel regularly between home and work or school,verb,Everyday Life — Daily Routines,built-in
everyday-life-daily-routines-household-chores,household chores,домашние дела,everyday-life,Everyday Life,Daily Routines,medium,3,,We share household chores at the weekend.,regular tasks such as cleaning that keep a home tidy,noun,Everyday Life — Daily Routines,built-in
everyday-life-home-and-services-appointment,appointment,запланированная встреча,everyday-life,Everyday Life,Home and Services,medium,3,,I have a dentist appointment tomorrow afternoon.,an arranged time to meet someone or receive a service,noun,Everyday Life — Daily Routines,built-in
everyday-life-home-and-services-receipt,receipt,чек,everyday-life,Everyday Life,Home and Services,easy,2,,Keep the receipt in case you need a refund.,a small piece of paper proving that a payment was made,noun,Everyday Life — Daily Routines,built-in
transport-and-trade-road-freight-freight,freight,груз,transport-and-trade,Transport and Trade,Road Freight,medium,4,,The company transports freight between several European cities.,"goods that are carried by lorry, train, ship or plane",noun,Transport and Trade — Road Freight,built-in
transport-and-trade-road-freight-consignment,consignment,партия груза,transport-and-trade,Transport and Trade,Road Freight,hard,5,,The carrier delivered the consignment without any damage.,a batch of goods sent together to one destination,noun,Transport and Trade — Road Freight,built-in
transport-and-trade-road-freight-carrier,carrier,перевозчик,transport-and-trade,Transport and Trade,Road Freight,medium,4,,The carrier called before arriving at the warehouse.,a company or vehicle that transports goods or passengers,noun,Transport and Trade — Road Freight,built-in
transport-and-trade-customs-and-trade-customs-clearance,customs clearance,таможенное оформление,transport-and-trade,Transport and Trade,Customs and Trade,hard,5,,Customs clearance took longer because one document was missing.,the official process of checking goods crossing a border,noun,Transport and Trade — Road Freight,built-in
transport-and-trade-customs-and-trade-bill-of-lading,bill of lading,коносамент,transport-and-trade,Transport and Trade,Customs and Trade,hard,5,,The driver checked the bill of lading before departure.,a document listing goods being shipped and their destination,noun,Transport and Trade — Road Freight,built-in
food-and-drinks-meals-and-cooking-breakfast,breakfast,завтрак,food-and-drinks,Food and Drinks,Meals and Cooking,easy,2,,I usually eat breakfast before leaving home.,"the first meal of the day, eaten in the morning",noun,Food and Drinks Core,built-in
food-and-drinks-meals-and-cooking-lunch,lunch,обед,food-and-drinks,Food and Drinks,Meals and Cooking,easy,2,,We ate a quick lunch after the morning meeting.,a meal eaten in the middle of the day,noun,Food and Drinks Core,built-in
food-and-drinks-meals-and-cooking-dinner,dinner,ужин,food-and-drinks,Food and Drinks,Meals and Cooking,easy,2,,My family usually has dinner at seven.,the main meal eaten in the evening,noun,Food and Drinks Core,built-in
food-and-drinks-meals-and-cooking-ingredient,ingredient,ингредиент,food-and-drinks,Food and Drinks,Meals and Cooking,medium,3,,Fresh garlic is my favourite ingredient for soup.,one of the foods used together to make a dish,noun,Food and Drinks Core,built-in
food-and-drinks-meals-and-cooking-recipe,recipe,рецепт (блюда),food-and-drinks,Food and Drinks,Meals and Cooking,medium,3,,This recipe is simple enough for beginners.,a set of instructions for preparing a particular dish,noun,Food and Drinks Core,built-in
food-and-drinks-meals-and-cooking-vegetable,vegetable,овощ,food-and-drinks,Food and Drinks,Meals and Cooking,hard,5,,Every healthy meal should include at least one vegetable.,"a plant, such as a carrot or onion, eaten as food",noun,Food and Drinks Core,built-in
food-and-drinks-meals-and-cooking-fruit,fruit,фрукт,food-and-drinks,Food and Drinks,Meals and Cooking,easy,2,,I take a piece of fruit to work each day.,the sweet part of a plant that grows from a flower and is eaten,noun,Food and Drinks Core,built-in
food-and-drinks-meals-and-cooking-delicious,delicious,вкусный,food-and-drinks,Food and Drinks,Meals and Cooking,hard,5,,The homemade soup was delicious and easy to prepare.,having a very pleasant taste,adjective,Food and Drinks Core,built-in
food-and-drinks-meals-and-cooking-bake,bake,"печь, выпекать",food-and-drinks,Food and Drinks,Meals and Cooking,easy,2,,We bake fresh bread at home on Sundays.,to cook food such as bread using dry heat in an oven,verb,Food and Drinks Core,built-in
food-and-drinks-meals-and-cooking-boil,boil,"варить, кипятить",food-and-drinks,Food and Drinks,Meals and Cooking,medium,3,,Boil the vegetables for five minutes before serving.,to heat a liquid until bubbles rise to the surface,verb,Food and Drinks Core,built-in
food-and-drinks-meals-and-cooking-chop,chop,нарезать,food-and-drinks,Food and Drinks,Meals and Cooking,medium,3,,Please chop the onions before heating the pan.,to cut something into small pieces with a knife,verb,Food and Drinks Core,built-in
food-and-drinks-meals-and-cooking-fry,fry,жарить,food-and-drinks,Food and Drinks,Meals and Cooking,easy,2,,We fry the potatoes in a little oil.,to cook food in hot oil or fat,verb,Food and Drinks Core,built-in
food-and-drinks-meals-and-cooking-seasoning,seasoning,приправа,food-and-drinks,Food and Drinks,Meals and Cooking,hard,5,,This seasoning gives the soup a stronger flavour.,"salt, herbs or spices added to food for extra flavour",noun,Food and Drinks Core,built-in
food-and-drinks-meals-and-cooking-dessert,dessert,десерт,food-and-drinks,Food and Drinks,Meals and Cooking,hard,5,,We shared a light dessert after dinner.,a sweet dish eaten at the end of a meal,noun,Food and Drinks Core,built-in
food-and-drinks-caf-and-restaurant-menu,menu,меню,food-and-drinks,Food and Drinks,Café and Restaurant,easy,2,,The restaurant menu includes several vegetarian dishes.,a list of dishes available in a restaurant,noun,Food and Drinks Core,built-in
food-and-drinks-caf-and-restaurant-order,order,заказывать; заказ,food-and-drinks,Food and Drinks,Café and Restaurant,easy,2,,We decided to order soup and sparkling water.,"to ask for food, drink or goods to be brought or sent",verb,Food and Drinks Core,built-in
food-and-drinks-caf-and-restaurant-bill,bill,"счёт (в кафе, ресторане)",food-and-drinks,Food and Drinks,Café and Restaurant,easy,2,,The waiter brought the bill after our coffee.,a piece of paper showing how much money is owed,noun,Food and Drinks Core,built-in
food-and-drinks-caf-and-restaurant-tip,tip,чаевые,food-and-drinks,Food and Drinks,Café and Restaurant,easy,2,,We left a small tip for the helpful waiter.,a small amount of extra money given for good service,noun,Food and Drinks Core,built-in
food-and-drinks-caf-and-restaurant-waiter,waiter,официант,food-and-drinks,Food and Drinks,Café and Restaurant,medium,3,,The waiter explained the daily special politely.,a person who serves food and drink in a restaurant,noun,Food and Drinks Core,built-in
food-and-drinks-caf-and-restaurant-reservation,reservation,"бронь, резервация",food-and-drinks,Food and Drinks,Café and Restaurant,hard,5,,We made a reservation at the restaurant for Friday.,an arrangement made in advance to keep something for later use,noun,Food and Drinks Core,built-in
food-and-drinks-caf-and-restaurant-beverage,beverage,напиток,food-and-drinks,Food and Drinks,Café and Restaurant,hard,5,,Water is the healthiest beverage after exercise.,"any drink, especially one other than water",noun,Food and Drinks Core,built-in
food-and-drinks-caf-and-restaurant-sparkling-water,sparkling water,газированная вода,food-and-drinks,Food and Drinks,Café and Restaurant,medium,3,,She ordered sparkling water with lemon.,a fizzy drink made of gas bubbles and no flavour added,noun,Food and Drinks Core,built-in
food-and-drinks-caf-and-restaurant-allergic,allergic,аллергический,food-and-drinks,Food and Drinks,Café and Restaurant,hard,5,,My sister is allergic to peanuts.,having a bad physical reaction to a certain food or substance,adjective,Food and Drinks Core,built-in
food-and-drinks-caf-and-restaurant-vegetarian,vegetarian,вегетарианец,food-and-drinks,Food and Drinks,Café and Restaurant,hard,5,,The vegetarian asked about the ingredients in the soup.,a person who does not eat meat or fish,noun,Food and Drinks Core,built-in
food-and-drinks-caf-and-restaurant-takeaway,takeaway,еда навынос,food-and-drinks,Food and Drinks,Café and Restaurant,medium,3,,We bought takeaway because we had no time to cook.,a meal bought at a restaurant to eat somewhere else,noun,Food and Drinks Core,built-in
food-and-drinks-caf-and-restaurant-portion,portion,порция,food-and-drinks,Food and Drinks,Café and Restaurant,medium,3,,The restaurant served a large portion of pasta.,the amount of food served to one person,noun,Food and Drinks Core,built-in
people-and-family-family-and-friends-relative,relative,родственник,people-and-family,People and Family,Family and Friends,medium,3,,A relative visited us during the holiday.,a member of a person's family,noun,People and Feelings Core,built-in
people-and-family-family-and-friends-neighbour,neighbour,сосед,people-and-family,People and Family,Family and Friends,hard,5,,Our neighbour helped carry the heavy boxes.,a person who lives next door or nearby,noun,People and Feelings Core,built-in
people-and-family-family-and-friends-colleague,colleague,коллега,people-and-family,People and Family,Family and Friends,hard,5,,A colleague showed me how to use the new system.,a person that someone works with,noun,People and Feelings Core,built-in
people-and-family-family-and-friends-friendship,friendship,дружба,people-and-family,People and Family,Family and Friends,hard,5,,Their friendship became stronger after many shared experiences.,a close and caring relationship between two people,noun,People and Feelings Core,built-in
people-and-family-family-and-friends-grandparents,grandparents,бабушка и дедушка,people-and-family,People and Family,Family and Friends,medium,3,,My grandparents live in a quiet village.,the parents of a person's mother or father,noun,People and Feelings Core,built-in
people-and-family-family-and-friends-sibling,sibling,брат или сестра,people-and-family,People and Family,Family and Friends,hard,5,,My sibling and I often cook together.,a brother or sister,noun,People and Feelings Core,built-in
people-and-family-family-and-friends-stranger,stranger,незнакомец,people-and-family,People and Family,Family and Friends,medium,3,,A stranger showed us the way to the station.,a person that someone does not know,noun,People and Feelings Core,built-in
people-and-family-family-and-friends-guest,guest,гость,people-and-family,People and Family,Family and Friends,easy,2,,Every guest received a welcome drink.,a person who is invited to visit or stay somewhere,noun,People and Feelings Core,built-in
people-and-family-family-and-friends-generation,generation,поколение,people-and-family,People and Family,Family and Friends,hard,5,,Each generation faces different challenges at work.,all the people who were born and lived around the same time,noun,People and Feelings Core,built-in
people-and-family-family-and-friends-marriage,marriage,брак,people-and-family,People and Family,Family and Friends,medium,3,,Their marriage has lasted for more than twenty years.,the legal union of two people as partners,noun,People and Feelings Core,built-in
feelings-feelings-happy,happy,счастливый,feelings,Feelings,Feelings,easy,2,,I feel happy when I finish my work early.,feeling pleasure or satisfaction,adjective,People and Feelings Core,built-in
feelings-feelings-anxious,anxious,тревожный,feelings,Feelings,Feelings,hard,5,,He felt anxious before the important interview.,feeling worried or nervous about something,adjective,People and Feelings Core,built-in
feelings-feelings-embarrassed,embarrassed,смущённый,feelings,Feelings,Feelings,hard,5,,She felt embarrassed after forgetting the person’s name.,feeling shy or ashamed in front of other people,adjective,People and Feelings Core,built-in
feelings-feelings-jealous,jealous,"ревнивый, завистливый",feelings,Feelings,Feelings,hard,5,,He became jealous when his friend received praise.,feeling upset because someone else has something you want,adjective,People and Feelings Core,built-in
feelings-feelings-grateful,grateful,благодарный,feelings,Feelings,Feelings,medium,3,,I am grateful for your help with this project.,feeling thankful for something someone has done,adjective,People and Feelings Core,built-in
feelings-feelings-disappointed,disappointed,разочарованный,feelings,Feelings,Feelings,hard,5,,She was disappointed when the event was cancelled.,feeling sad because something did not happen as hoped,adjective,People and Feelings Core,built-in
feelings-feelings-confident,confident,уверенный,feelings,Feelings,Feelings,medium,3,,I feel more confident after practising every day.,feeling sure about your own abilities,adjective,People and Feelings Core,built-in
feelings-feelings-exhausted,exhausted,измотанный,feelings,Feelings,Feelings,hard,5,,We were exhausted after moving all the furniture.,extremely tired after hard work or effort,adjective,People and Feelings Core,built-in
feelings-feelings-curious,curious,любопытный,feelings,Feelings,Feelings,medium,3,,The child was curious about the unusual machine.,eager to learn or know more about something,adjective,People and Feelings Core,built-in
feelings-feelings-proud,proud,гордый,feelings,Feelings,Feelings,easy,2,,My parents were proud of my exam result.,feeling pleased about an achievement or someone's success,adjective,People and Feelings Core,built-in
feelings-feelings-lonely,lonely,одинокий,feelings,Feelings,Feelings,medium,3,,He felt lonely after moving to a new city.,feeling sad because you are alone or without company,adjective,People and Feelings Core,built-in
feelings-feelings-relieved,relieved,испытывающий облегчение,feelings,Feelings,Feelings,hard,5,,I felt relieved when the test finally ended.,feeling less worried after a problem has ended,adjective,People and Feelings Core,built-in
feelings-feelings-frustrated,frustrated,раздосадованный,feelings,Feelings,Feelings,hard,5,,She became frustrated when the computer stopped working.,feeling annoyed because something is not going well,adjective,People and Feelings Core,built-in
feelings-feelings-excited,excited,"взволнованный, радостный",feelings,Feelings,Feelings,medium,3,,The students were excited about their first trip.,feeling very happy and eager about something,adjective,People and Feelings Core,built-in
home-around-the-house-kitchen,kitchen,кухня,home,Home,Around the House,easy,2,,We cleaned the kitchen after preparing dinner.,the room in a home where food is prepared and cooked,noun,Home and Town Core,built-in
home-around-the-house-bedroom,bedroom,спальня,home,Home,Around the House,medium,3,,The bedroom became warmer after we closed the window.,a room used mainly for sleeping,noun,Home and Town Core,built-in
home-around-the-house-bathroom,bathroom,ванная,home,Home,Around the House,medium,3,,The hotel bathroom was small but very clean.,"a room with a bath, shower or toilet for washing",noun,Home and Town Core,built-in
home-around-the-house-furniture,furniture,мебель,home,Home,Around the House,hard,5,,We moved the furniture before painting the room.,large movable objects such as tables and chairs in a room,noun,Home and Town Core,built-in
home-around-the-house-curtain,curtain,штора,home,Home,Around the House,medium,3,,Please close the curtain before the sun gets stronger.,a piece of cloth hung to cover a window,noun,Home and Town Core,built-in
home-around-the-house-staircase,staircase,лестница,home,Home,Around the House,hard,5,,The old staircase leads to the second floor.,a set of connected steps inside a building,noun,Home and Town Core,built-in
home-around-the-house-neighbourhood,neighbourhood,район,home,Home,Around the House,hard,5,,Our neighbourhood has a quiet park nearby.,"the area around a person's home, including nearby streets",noun,Home and Town Core,built-in
home-around-the-house-rent,rent,аренда; арендовать,home,Home,Around the House,easy,2,,I pay the rent on the first day of each month.,the money paid regularly to use a home or building owned by someone else,noun,Home and Town Core,built-in
home-around-the-house-landlord,landlord,арендодатель,home,Home,Around the House,hard,5,,The landlord repaired the broken window quickly.,a person who owns a property and lets other people live in it,noun,Home and Town Core,built-in
home-around-the-house-appliance,appliance,бытовой прибор,home,Home,Around the House,hard,5,,This kitchen appliance uses very little electricity.,a machine used at home to do a particular task,noun,Home and Town Core,built-in
home-around-the-house-laundry,laundry,"стирка, бельё",home,Home,Around the House,hard,5,,I usually do the laundry on Saturday morning.,clothes and other items that need to be washed,noun,Home and Town Core,built-in
home-around-the-house-cupboard,cupboard,"шкаф, буфет",home,Home,Around the House,hard,5,,The clean plates are in the kitchen cupboard.,a piece of furniture with doors and shelves for storing things,noun,Home and Town Core,built-in
places-in-town-places-in-town-pharmacy,pharmacy,аптека,places-in-town,Places in Town,Places in Town,hard,5,,The pharmacy closes at eight o’clock tonight.,a shop where medicines are sold or given out,noun,Home and Town Core,built-in
places-in-town-places-in-town-library,library,библиотека,places-in-town,Places in Town,Places in Town,medium,3,,I borrowed an English dictionary from the library.,a building that holds books people can borrow or read,noun,Home and Town Core,built-in
places-in-town-places-in-town-post-office,post office,почта,places-in-town,Places in Town,Places in Town,easy,2,,The post office is next to the supermarket.,a place where letters and parcels are sent and stamps are bought,noun,Home and Town Core,built-in
places-in-town-places-in-town-bakery,bakery,пекарня,places-in-town,Places in Town,Places in Town,medium,3,,The bakery sells warm bread every morning.,a shop that sells bread and cakes,noun,Home and Town Core,built-in
places-in-town-places-in-town-crossroads,crossroads,перекрёсток,places-in-town,Places in Town,Places in Town,hard,5,,Turn left at the crossroads after the bridge.,a place where two or more roads meet,noun,Home and Town Core,built-in
places-in-town-places-in-town-pavement,pavement,тротуар,places-in-town,Places in Town,Places in Town,hard,5,,Please walk carefully on the wet pavement.,the hard path along the side of a street for people walking,noun,Home and Town Core,built-in
places-in-town-places-in-town-bridge,bridge,мост,places-in-town,Places in Town,Places in Town,easy,2,,We crossed the bridge before sunset.,a structure that allows people to cross a river or road,noun,Home and Town Core,built-in
places-in-town-places-in-town-square,square,площадь,places-in-town,Places in Town,Places in Town,easy,2,,People gathered in the square for the concert.,"an open flat area in a town, often surrounded by buildings",noun,Home and Town Core,built-in
places-in-town-places-in-town-supermarket,supermarket,супермаркет,places-in-town,Places in Town,Places in Town,medium,3,,I bought fresh vegetables at the supermarket.,a large shop selling food and household items,noun,Home and Town Core,built-in
places-in-town-places-in-town-station,station,"вокзал, станция",places-in-town,Places in Town,Places in Town,medium,3,,The bus station is five minutes from here.,a building where trains or buses stop for passengers,noun,Home and Town Core,built-in
shopping-shopping-receipt,receipt,чек,shopping,Shopping,Shopping,hard,5,,Keep the receipt in case you need a refund.,a small piece of paper proving that a payment was made,noun,Home and Town Core,built-in
shopping-shopping-refund,refund,возврат денег,shopping,Shopping,Shopping,hard,5,,The shop offered a refund for the damaged item.,money given back to a customer for returned goods,noun,Home and Town Core,built-in
shopping-shopping-discount,discount,скидка,shopping,Shopping,Shopping,medium,3,,Students receive a discount with a valid card.,a reduction in the usual price of something,noun,Home and Town Core,built-in
shopping-shopping-cashier,cashier,кассир,shopping,Shopping,Shopping,hard,5,,The cashier scanned the items very quickly.,a person who takes payments in a shop,noun,Home and Town Core,built-in
shopping-shopping-customer,customer,покупатель,shopping,Shopping,Shopping,medium,3,,The customer asked for help finding the right size.,a person who buys goods or services from a shop or business,noun,Home and Town Core,built-in
shopping-shopping-bargain,bargain,выгодная покупка,shopping,Shopping,Shopping,hard,5,,This jacket was a real bargain during the sale.,something bought at a lower price than usual,noun,Home and Town Core,built-in
shopping-shopping-afford,afford,позволить себе,shopping,Shopping,Shopping,hard,5,,I cannot afford a new laptop this month.,to have enough money to pay for something,verb,Home and Town Core,built-in
shopping-shopping-exchange,exchange,обменять,shopping,Shopping,Shopping,medium,3,,The store allowed me to exchange the damaged shirt.,to give back an item and take another one in its place,verb,Home and Town Core,built-in
shopping-shopping-fitting-room,fitting room,примерочная,shopping,Shopping,Shopping,medium,3,,"The fitting room was empty, so I tried the jacket.",a small private area in a shop for trying on clothes,noun,Home and Town Core,built-in
shopping-shopping-sold-out,sold out,распродано,shopping,Shopping,Shopping,easy,2,,The popular tickets were sold out by noon.,no longer available because all items have already been bought,phrase,Home and Town Core,built-in
health-and-body-body-and-symptoms-stomach,stomach,"живот, желудок",health-and-body,Health and Body,Body and Symptoms,hard,5,,My stomach hurt after I ate too quickly.,the body part where food is digested after eating,noun,Health and Body Core,built-in
health-and-body-body-and-symptoms-throat,throat,горло,health-and-body,Health and Body,Body and Symptoms,medium,3,,My throat felt sore after speaking all day.,the front part of the neck used for swallowing and speaking,noun,Health and Body Core,built-in
health-and-body-body-and-symptoms-shoulder,shoulder,плечо,health-and-body,Health and Body,Body and Symptoms,medium,3,,He carried the bag over one shoulder.,the joint connecting the arm to the upper body,noun,Health and Body Core,built-in
health-and-body-body-and-symptoms-knee,knee,колено,health-and-body,Health and Body,Body and Symptoms,medium,3,,My knee hurt after the long walk.,the joint in the middle of the leg that allows it to bend,noun,Health and Body Core,built-in
health-and-body-body-and-symptoms-headache,headache,головная боль,health-and-body,Health and Body,Body and Symptoms,medium,3,,I stayed home because I had a headache.,a pain felt inside the head,noun,Health and Body Core,built-in
health-and-body-body-and-symptoms-fever,fever,"жар, высокая температура",health-and-body,Health and Body,Body and Symptoms,medium,3,,The child had a high fever during the night.,"a body temperature higher than normal, often caused by illness",noun,Health and Body Core,built-in
health-and-body-body-and-symptoms-cough,cough,кашель; кашлять,health-and-body,Health and Body,Body and Symptoms,hard,5,,Her cough became better after a few days.,a sudden noisy release of air from the throat,noun,Health and Body Core,built-in
health-and-body-body-and-symptoms-sneeze,sneeze,чихать,health-and-body,Health and Body,Body and Symptoms,hard,5,,I always sneeze when the room is dusty.,to suddenly push air out through the nose without control,verb,Health and Body Core,built-in
health-and-body-body-and-symptoms-dizzy,dizzy,головокружительный,health-and-body,Health and Body,Body and Symptoms,hard,5,,I felt dizzy after standing up too quickly.,"feeling unsteady, as if everything is spinning",adjective,Health and Body Core,built-in
health-and-body-body-and-symptoms-sore,sore,болезненный,health-and-body,Health and Body,Body and Symptoms,medium,3,,My muscles were sore after the first workout.,"painful, especially when touched",adjective,Health and Body Core,built-in
health-and-body-body-and-symptoms-bruise,bruise,синяк,health-and-body,Health and Body,Body and Symptoms,hard,5,,The fall left a dark bruise on his arm.,a dark mark on the skin caused by a knock or fall,noun,Health and Body Core,built-in
health-and-body-body-and-symptoms-injury,injury,травма,health-and-body,Health and Body,Body and Symptoms,medium,3,,He returned to training after a minor injury.,physical damage or harm caused to part of the body,noun,Health and Body Core,built-in
health-and-body-at-the-doctor-appointment,appointment,"приём, запись",health-and-body,Health and Body,At the Doctor,hard,5,,I have a dentist appointment tomorrow afternoon.,an arranged time to meet someone or receive a service,noun,Health and Body Core,built-in
health-and-body-at-the-doctor-prescription,prescription,рецепт (врача),health-and-body,Health and Body,At the Doctor,hard,5,,The doctor gave me a prescription for medicine.,a doctor's written order for medicine,noun,Health and Body Core,built-in
health-and-body-at-the-doctor-symptom,symptom,симптом,health-and-body,Health and Body,At the Doctor,hard,5,,A sore throat can be a common cold symptom.,a physical sign that shows a person may be ill,noun,Health and Body Core,built-in
health-and-body-at-the-doctor-treatment,treatment,лечение,health-and-body,Health and Body,At the Doctor,medium,3,,The treatment helped reduce his back pain.,medical care given to help someone get better,noun,Health and Body Core,built-in
health-and-body-at-the-doctor-recover,recover,выздоравливать,health-and-body,Health and Body,At the Doctor,medium,3,,It took him two weeks to recover fully.,to become healthy again after being ill or injured,verb,Health and Body Core,built-in
health-and-body-at-the-doctor-vaccine,vaccine,вакцина,health-and-body,Health and Body,At the Doctor,hard,5,,The nurse explained how the vaccine protects people.,a substance given to protect people from a disease,noun,Health and Body Core,built-in
health-and-body-at-the-doctor-dentist,dentist,стоматолог,health-and-body,Health and Body,At the Doctor,medium,3,,I have an appointment with the dentist next week.,a person trained to check and treat teeth,noun,Health and Body Core,built-in
health-and-body-at-the-doctor-ambulance,ambulance,скорая помощь,health-and-body,Health and Body,At the Doctor,hard,5,,The ambulance arrived within a few minutes.,a vehicle that carries sick or injured people to hospital,noun,Health and Body Core,built-in
health-and-body-at-the-doctor-painkiller,painkiller,обезболивающее,health-and-body,Health and Body,At the Doctor,hard,5,,The doctor recommended a painkiller for the headache.,a medicine taken to reduce pain,noun,Health and Body Core,built-in
health-and-body-at-the-doctor-check-up,check-up,медосмотр,health-and-body,Health and Body,At the Doctor,medium,3,,I visit the doctor for a yearly check-up.,a routine visit to a doctor to make sure a person is healthy,noun,Health and Body Core,built-in
health-and-body-at-the-doctor-allergy,allergy,аллергия,health-and-body,Health and Body,At the Doctor,hard,5,,The nurse asked whether I had any allergy.,a condition causing a bad reaction to certain foods or substances,noun,Health and Body Core,built-in
health-and-body-at-the-doctor-insurance,insurance,страховка,health-and-body,Health and Body,At the Doctor,hard,5,,Health insurance can cover part of the treatment.,an arrangement that pays money if something bad happens,noun,Health and Body Core,built-in
technology-devices-and-software-device,device,устройство,technology,Technology,Devices and Software,medium,3,,This device measures temperature very accurately.,a small machine or tool made for a particular purpose,noun,Technology and Internet Core,built-in
technology-devices-and-software-screen,screen,экран,technology,Technology,Devices and Software,easy,2,,The phone screen became difficult to read in sunlight.,the flat surface of a device that shows pictures or text,noun,Technology and Internet Core,built-in
technology-devices-and-software-keyboard,keyboard,клавиатура,technology,Technology,Devices and Software,medium,3,,I cleaned the keyboard before starting work.,a set of keys used to type on a computer,noun,Technology and Internet Core,built-in
technology-devices-and-software-battery,battery,батарея,technology,Technology,Devices and Software,medium,3,,The battery lasted through the entire journey.,a small object that stores power for a device,noun,Technology and Internet Core,built-in
technology-devices-and-software-charger,charger,зарядка,technology,Technology,Devices and Software,medium,3,,I packed my charger before leaving the apartment.,a device used to add power back into a battery,noun,Technology and Internet Core,built-in
technology-devices-and-software-software,software,программное обеспечение,technology,Technology,Devices and Software,medium,3,,The new software makes our daily tasks easier.,computer programs that tell a device what to do,noun,Technology and Internet Core,built-in
technology-devices-and-software-update,update,обновление; обновлять,technology,Technology,Devices and Software,medium,3,,The latest update fixed several small problems.,a new version of a program that fixes or improves it,noun,Technology and Internet Core,built-in
technology-devices-and-software-install,install,установить,technology,Technology,Devices and Software,medium,3,,Please install the application before the lesson.,to add a program or piece of equipment so it is ready to use,verb,Technology and Internet Core,built-in
technology-devices-and-software-download,download,скачивать,technology,Technology,Devices and Software,easy,2,,You can download the document from the website.,to copy a file from the internet onto a device,verb,Technology and Internet Core,built-in
technology-devices-and-software-password,password,пароль,technology,Technology,Devices and Software,medium,3,,Never share your password with another person.,a secret word or code used to access an account safely,noun,Technology and Internet Core,built-in
technology-devices-and-software-storage,storage,хранилище,technology,Technology,Devices and Software,medium,3,,The phone has enough storage for many photos.,the space used to keep files or objects for later use,noun,Technology and Internet Core,built-in
technology-devices-and-software-wireless,wireless,беспроводной,technology,Technology,Devices and Software,hard,5,,The office has a wireless internet connection.,"working without wires or cables, using radio signals instead",adjective,Technology and Internet Core,built-in
technology-online-life-website,website,сайт,technology,Technology,Online Life,medium,3,,The company website provides useful information.,a collection of linked pages found at one internet address,noun,Technology and Internet Core,built-in
technology-online-life-browser,browser,браузер,technology,Technology,Online Life,medium,3,,I opened the website in a different browser.,a program used to view pages on the internet,noun,Technology and Internet Core,built-in
technology-online-life-attachment,attachment,вложение,technology,Technology,Online Life,hard,5,,The email included an attachment with the schedule.,a file sent together with an email message,noun,Technology and Internet Core,built-in
technology-online-life-username,username,имя пользователя,technology,Technology,Online Life,medium,3,,Choose a username that is easy to remember.,the name a person chooses to identify themselves online,noun,Technology and Internet Core,built-in
technology-online-life-notification,notification,уведомление,technology,Technology,Online Life,hard,5,,The app sent a notification about the new message.,a short message that alerts a person to new information,noun,Technology and Internet Core,built-in
technology-online-life-subscribe,subscribe,подписаться,technology,Technology,Online Life,medium,3,,You can subscribe to the newsletter for weekly updates.,to sign up to receive regular updates from a service,verb,Technology and Internet Core,built-in
technology-online-life-account,account,"аккаунт, учётная запись",technology,Technology,Online Life,medium,3,,I created an account to save my progress.,a personal record set up to use an online service,noun,Technology and Internet Core,built-in
technology-online-life-privacy,privacy,конфиденциальность,technology,Technology,Online Life,hard,5,,The application settings include a privacy section.,the state of being free from unwanted attention to personal matters,noun,Technology and Internet Core,built-in
technology-online-life-search-engine,search engine,поисковая система,technology,Technology,Online Life,medium,3,,I used a search engine to find the address.,an online tool used to find information on the internet,noun,Technology and Internet Core,built-in
technology-online-life-social-media,social media,соцсети,technology,Technology,Online Life,easy,2,,Many people use social media to share news.,websites and apps that let people share posts and messages,noun,Technology and Internet Core,built-in
technology-online-life-delete,delete,удалить,technology,Technology,Online Life,medium,3,,Please delete the old files after checking them.,to remove a file or piece of text completely,verb,Technology and Internet Core,built-in
technology-online-life-backup,backup,резервная копия,technology,Technology,Online Life,medium,3,,I made a backup before updating the computer.,an extra copy of data kept in case the original is lost,noun,Technology and Internet Core,built-in
nature-and-animals-nature-and-animals-forest,forest,лес,nature-and-animals,Nature and Animals,Nature and Animals,medium,3,,We walked through the forest on a cool morning.,a large area covered mainly with trees,noun,Nature and Weather Core,built-in
nature-and-animals-nature-and-animals-mountain,mountain,гора,nature-and-animals,Nature and Animals,Nature and Animals,medium,3,,The mountain was covered with snow in winter.,a very high area of land with steep sides,noun,Nature and Weather Core,built-in
nature-and-animals-nature-and-animals-valley,valley,долина,nature-and-animals,Nature and Animals,Nature and Animals,medium,3,,A small river runs through the green valley.,a low area of land between two hills or mountains,noun,Nature and Weather Core,built-in
nature-and-animals-nature-and-animals-island,island,остров,nature-and-animals,Nature and Animals,Nature and Animals,hard,5,,They visited a quiet island during their holiday.,a piece of land completely surrounded by water,noun,Nature and Weather Core,built-in
nature-and-animals-nature-and-animals-wildlife,wildlife,дикая природа,nature-and-animals,Nature and Animals,Nature and Animals,medium,3,,The national park protects local wildlife.,animals and plants living freely in their natural surroundings,noun,Nature and Weather Core,built-in
nature-and-animals-nature-and-animals-insect,insect,насекомое,nature-and-animals,Nature and Animals,Nature and Animals,medium,3,,A small insect landed on the window.,"a very small creature with six legs, such as an ant or bee",noun,Nature and Weather Core,built-in
nature-and-animals-nature-and-animals-butterfly,butterfly,бабочка,nature-and-animals,Nature and Animals,Nature and Animals,hard,5,,A colourful butterfly rested on the flower.,"a flying insect with large, often colourful wings",noun,Nature and Weather Core,built-in
nature-and-animals-nature-and-animals-squirrel,squirrel,белка,nature-and-animals,Nature and Animals,Nature and Animals,hard,5,,A squirrel quickly climbed the tree.,a small furry animal with a long tail that climbs trees,noun,Nature and Weather Core,built-in
nature-and-animals-nature-and-animals-eagle,eagle,орёл,nature-and-animals,Nature and Animals,Nature and Animals,medium,3,,We saw an eagle flying above the valley.,"a large, powerful bird that hunts other animals",noun,Nature and Weather Core,built-in
nature-and-animals-nature-and-animals-environment,environment,окружающая среда,nature-and-animals,Nature and Animals,Nature and Animals,hard,5,,We should protect the environment by wasting less water.,"the natural world of land, air, water and living things",noun,Nature and Weather Core,built-in
nature-and-animals-nature-and-animals-pollution,pollution,загрязнение,nature-and-animals,Nature and Animals,Nature and Animals,hard,5,,Public transport can help reduce air pollution.,"harmful substances that damage air, water or land",noun,Nature and Weather Core,built-in
nature-and-animals-nature-and-animals-recycle,recycle,перерабатывать,nature-and-animals,Nature and Animals,Nature and Animals,medium,3,,We recycle paper and plastic at home.,to treat used materials so they can be used again,verb,Nature and Weather Core,built-in
weather-and-seasons-weather-and-seasons-weather,weather,погода,weather-and-seasons,Weather and Seasons,Weather and Seasons,medium,3,,The weather changed suddenly before the walk.,"the daily condition of the sky, wind, rain and temperature",noun,Nature and Weather Core,built-in
weather-and-seasons-weather-and-seasons-temperature,temperature,температура (сколько градусов),weather-and-seasons,Weather and Seasons,Weather and Seasons,hard,5,,The temperature dropped during the night.,a measurement of how hot or cold something is,noun,Nature and Weather Core,built-in
weather-and-seasons-weather-and-seasons-forecast,forecast,прогноз,weather-and-seasons,Weather and Seasons,Weather and Seasons,hard,5,,The weather forecast predicts rain tomorrow.,"a statement predicting what will happen, especially with weather",noun,Nature and Weather Core,built-in
weather-and-seasons-weather-and-seasons-thunderstorm,thunderstorm,гроза,weather-and-seasons,Weather and Seasons,Weather and Seasons,hard,5,,A thunderstorm interrupted our evening walk.,"a storm with loud noise, flashes of light and heavy rain",noun,Nature and Weather Core,built-in
weather-and-seasons-weather-and-seasons-breeze,breeze,лёгкий ветер,weather-and-seasons,Weather and Seasons,Weather and Seasons,medium,3,,A cool breeze came through the open window.,a light and gentle movement of air outside,noun,Nature and Weather Core,built-in
weather-and-seasons-weather-and-seasons-drizzle,drizzle,морось,weather-and-seasons,Weather and Seasons,Weather and Seasons,hard,5,,Light drizzle continued throughout the morning.,very light rain that falls in fine drops,noun,Nature and Weather Core,built-in
weather-and-seasons-weather-and-seasons-humid,humid,влажный,weather-and-seasons,Weather and Seasons,Weather and Seasons,hard,5,,The room felt humid after the heavy rain.,containing a lot of moisture in the air,adjective,Nature and Weather Core,built-in
weather-and-seasons-weather-and-seasons-freezing,freezing,ледяной,weather-and-seasons,Weather and Seasons,Weather and Seasons,medium,3,,"It was freezing outside, so I wore two coats.","extremely cold, close to the temperature at which water turns solid",adjective,Nature and Weather Core,built-in
weather-and-seasons-weather-and-seasons-autumn,autumn,осень,weather-and-seasons,Weather and Seasons,Weather and Seasons,medium,3,,The trees become colourful in autumn.,"the season between summer and winter, when leaves fall",noun,Nature and Weather Core,built-in
weather-and-seasons-weather-and-seasons-spring,spring,весна,weather-and-seasons,Weather and Seasons,Weather and Seasons,easy,2,,Flowers begin to grow in spring.,"the season between winter and summer, when plants start to grow",noun,Nature and Weather Core,built-in
weather-and-seasons-weather-and-seasons-flood,flood,наводнение,weather-and-seasons,Weather and Seasons,Weather and Seasons,medium,3,,The heavy rain caused a flood near the river.,a large amount of water covering land that is usually dry,noun,Nature and Weather Core,built-in
weather-and-seasons-weather-and-seasons-drought,drought,засуха,weather-and-seasons,Weather and Seasons,Weather and Seasons,hard,5,,The long drought damaged many local farms.,"a long period without enough rain, causing dry land",noun,Nature and Weather Core,built-in
general-english-commonly-misspelled-accommodation,accommodation,"жильё, размещение",general-english,General English,Commonly Misspelled,hard,5,,Our accommodation was clean and close to public transport.,"a place where a traveller stays, such as a hotel room",noun,Spelling Traps Core,built-in
general-english-commonly-misspelled-receive,receive,получать,general-english,General English,Commonly Misspelled,hard,5,,I expect to receive the package tomorrow morning.,to be given or sent something by another person,verb,Spelling Traps Core,built-in
general-english-commonly-misspelled-separate,separate,отдельный; разделять,general-english,General English,Commonly Misspelled,hard,5,,Please keep the clean and dirty clothes separate.,"apart from something else, not joined or together",adjective,Spelling Traps Core,built-in
general-english-commonly-misspelled-definitely,definitely,определённо,general-english,General English,Commonly Misspelled,hard,5,,I will definitely call you after the meeting.,"without any doubt, certainly",adverb,Spelling Traps Core,built-in
general-english-commonly-misspelled-occasionally,occasionally,время от времени,general-english,General English,Commonly Misspelled,hard,5,,We occasionally eat dinner at a small restaurant.,"sometimes, but not often",adverb,Spelling Traps Core,built-in
general-english-commonly-misspelled-necessary,necessary,необходимый,general-english,General English,Commonly Misspelled,hard,5,,A valid passport is necessary for this journey.,needed in order for something to happen or be true,adjective,Spelling Traps Core,built-in
general-english-commonly-misspelled-embarrass,embarrass,смущать,general-english,General English,Commonly Misspelled,hard,5,,I did not want to embarrass my colleague.,"to make someone feel shy, awkward or uncomfortable",verb,Spelling Traps Core,built-in
general-english-commonly-misspelled-environment,environment,окружающая среда,general-english,General English,Commonly Misspelled,hard,5,,We should protect the environment by wasting less water.,"the natural world of land, air, water and living things",noun,Spelling Traps Core,built-in
general-english-commonly-misspelled-government,government,правительство,general-english,General English,Commonly Misspelled,hard,5,,The government announced new support for small businesses.,the group of people who officially run a country,noun,Spelling Traps Core,built-in
general-english-commonly-misspelled-restaurant,restaurant,ресторан,general-english,General English,Commonly Misspelled,hard,5,,We chose a quiet restaurant near the station.,a place where people pay to eat meals that are prepared for them,noun,Spelling Traps Core,built-in
general-english-commonly-misspelled-calendar,calendar,календарь,general-english,General English,Commonly Misspelled,hard,5,,I marked the appointment on my calendar.,"a chart showing the days, weeks and months of a year",noun,Spelling Traps Core,built-in
general-english-commonly-misspelled-library,library,библиотека,general-english,General English,Commonly Misspelled,hard,5,,I borrowed an English dictionary from the library.,a building that holds books people can borrow or read,noun,Spelling Traps Core,built-in
general-english-commonly-misspelled-february,February,февраль,general-english,General English,Commonly Misspelled,hard,5,,"My sister was born in February, the shortest month.","the second month of the year, coming after January",noun,Spelling Traps Core,built-in
general-english-commonly-misspelled-wednesday,Wednesday,среда (день недели),general-english,General English,Commonly Misspelled,hard,5,,Our English lesson moves to Wednesday this week.,the day of the week between Tuesday and Thursday,noun,Spelling Traps Core,built-in
general-english-commonly-misspelled-knowledge,knowledge,знание,general-english,General English,Commonly Misspelled,hard,5,,Her knowledge of computers helped the whole team.,information and understanding gained through learning or experience,noun,Spelling Traps Core,built-in
general-english-commonly-misspelled-achieve,achieve,достигать,general-english,General English,Commonly Misspelled,hard,5,,Daily practice can help you achieve your goals.,to succeed in reaching a goal through effort,verb,Spelling Traps Core,built-in
general-english-commonly-misspelled-believe,believe,верить,general-english,General English,Commonly Misspelled,medium,3,,I believe this plan will save us time.,to accept that something is true,verb,Spelling Traps Core,built-in
general-english-commonly-misspelled-foreign,foreign,иностранный,general-english,General English,Commonly Misspelled,hard,5,,Learning a foreign language takes patience and practice.,belonging to or coming from a country other than one's own,adjective,Spelling Traps Core,built-in
general-english-commonly-misspelled-weird,weird,странный,general-english,General English,Commonly Misspelled,hard,5,,That weird sound came from the old machine.,strange or unusual in a way that seems odd,adjective,Spelling Traps Core,built-in
general-english-commonly-misspelled-neighbour,neighbour,сосед,general-english,General English,Commonly Misspelled,hard,5,,Our neighbour helped carry the heavy boxes.,a person who lives next door or nearby,noun,Spelling Traps Core,built-in
general-english-commonly-misspelled-privilege,privilege,привилегия,general-english,General English,Commonly Misspelled,hard,5,,It is a privilege to learn from experienced colleagues.,a special advantage given to a particular person or group,noun,Spelling Traps Core,built-in
general-english-commonly-misspelled-conscience,conscience,совесть,general-english,General English,Commonly Misspelled,hard,5,,His conscience told him to return the lost wallet.,the inner sense that tells a person right from wrong,noun,Spelling Traps Core,built-in
general-english-commonly-misspelled-rhythm,rhythm,ритм,general-english,General English,Commonly Misspelled,hard,5,,The drummer kept a steady rhythm during the song.,a regular repeated pattern of sound or movement,noun,Spelling Traps Core,built-in
general-english-commonly-misspelled-answer,answer,ответ,general-english,General English,Commonly Misspelled,medium,3,,Please write your answer in the correct box.,a reply given to a question,noun,Spelling Traps Core,built-in
general-english-confusable-words-their,their,их (притяжательное),general-english,General English,Confusable Words,medium,3,,The students put their books on the desk.,belonging to the people or things mentioned before,adjective,Spelling Traps Core,built-in
general-english-confusable-words-there,there,там,general-english,General English,Confusable Words,medium,3,,Your keys are over there beside the phone.,in or at that place,adverb,Spelling Traps Core,built-in
general-english-confusable-words-affect,affect,влиять,general-english,General English,Confusable Words,hard,5,,Lack of sleep can affect your concentration.,to cause a change in someone or something,verb,Spelling Traps Core,built-in
general-english-confusable-words-effect,effect,"эффект, результат",general-english,General English,Confusable Words,hard,5,,The new rule had a positive effect on safety.,a result or change caused by something else,noun,Spelling Traps Core,built-in
general-english-confusable-words-principal,principal,главный; директор,general-english,General English,Confusable Words,hard,5,,The principal welcomed the students at the entrance.,"most important, main",adjective,Spelling Traps Core,built-in
general-english-confusable-words-principle,principle,принцип,general-english,General English,Confusable Words,hard,5,,Fairness is an important principle at work.,a basic rule or belief that guides behaviour,noun,Spelling Traps Core,built-in
general-english-confusable-words-stationary,stationary,неподвижный,general-english,General English,Confusable Words,hard,5,,The bicycle remained stationary near the wall.,"not moving, staying in one place",adjective,Spelling Traps Core,built-in
general-english-confusable-words-stationery,stationery,канцтовары,general-english,General English,Confusable Words,hard,5,,The office ordered new stationery for the team.,"paper, pens and other items used for writing",noun,Spelling Traps Core,built-in
general-english-confusable-words-advice,advice,совет,general-english,General English,Confusable Words,medium,3,,My teacher gave me useful advice about pronunciation.,an opinion given to help someone decide what to do,noun,Spelling Traps Core,built-in
general-english-confusable-words-advise,advise,советовать,general-english,General English,Confusable Words,medium,3,,I advise you to check the address twice.,to give an opinion about what someone should do,verb,Spelling Traps Core,built-in
general-english-confusable-words-loose,loose,"свободный, слабый",general-english,General English,Confusable Words,medium,3,,The loose handle needs to be repaired.,not held or fastened tightly,adjective,Spelling Traps Core,built-in
general-english-confusable-words-lose,lose,терять,general-english,General English,Confusable Words,medium,3,,Try not to lose your ticket during the journey.,to no longer have something because it was taken or misplaced,verb,Spelling Traps Core,built-in
general-english-confusable-words-quiet,quiet,тихий,general-english,General English,Confusable Words,medium,3,,The library is quiet in the afternoon.,making very little noise,adjective,Spelling Traps Core,built-in
general-english-confusable-words-quite,quite,довольно,general-english,General English,Confusable Words,medium,3,,The new exercise was quite difficult for me.,"to a fairly large degree, but not completely",adverb,Spelling Traps Core,built-in
general-english-confusable-words-weather,weather,погода,general-english,General English,Confusable Words,medium,3,,The weather changed suddenly before the walk.,"the daily condition of the sky, wind, rain and temperature",noun,Spelling Traps Core,built-in
general-english-confusable-words-whether,whether,ли (вводит вопрос),general-english,General English,Confusable Words,medium,3,,I do not know whether the shop is open.,used to introduce a choice between two possibilities,conjunction,Spelling Traps Core,built-in
common-actions-everyday-phrasal-verbs-look-up,look up,искать (в словаре),common-actions,Common Actions,Everyday Phrasal Verbs,easy,2,,I used a dictionary to look up the new word.,"to search for information, especially in a book or online",phrase,Phrasal Verbs Core,built-in
common-actions-everyday-phrasal-verbs-give-up,give up,сдаваться,common-actions,Common Actions,Everyday Phrasal Verbs,easy,2,,Do not give up when the exercise becomes difficult.,to stop trying to do something,phrase,Phrasal Verbs Core,built-in
common-actions-everyday-phrasal-verbs-turn-on,turn on,включить,common-actions,Common Actions,Everyday Phrasal Verbs,easy,2,,Please turn on the light before you read.,to make a device or light start working,phrase,Phrasal Verbs Core,built-in
common-actions-everyday-phrasal-verbs-turn-off,turn off,выключить,common-actions,Common Actions,Everyday Phrasal Verbs,easy,2,,Remember to turn off the computer after work.,to make a device or light stop working,phrase,Phrasal Verbs Core,built-in
common-actions-everyday-phrasal-verbs-find-out,find out,выяснить,common-actions,Common Actions,Everyday Phrasal Verbs,medium,3,,I called the office to find out the opening time.,to discover a fact that was not known before,phrase,Phrasal Verbs Core,built-in
common-actions-everyday-phrasal-verbs-figure-out,figure out,разобраться,common-actions,Common Actions,Everyday Phrasal Verbs,medium,3,,We worked together to figure out the problem.,to solve a problem by thinking carefully,phrase,Phrasal Verbs Core,built-in
common-actions-everyday-phrasal-verbs-carry-on,carry on,продолжать,common-actions,Common Actions,Everyday Phrasal Verbs,medium,3,,Please carry on with the task while I am away.,to continue doing something without stopping,phrase,Phrasal Verbs Core,built-in
common-actions-everyday-phrasal-verbs-break-down,break down,сломаться,common-actions,Common Actions,Everyday Phrasal Verbs,medium,3,,The old car may break down during the journey.,to stop working properly because of a fault,phrase,Phrasal Verbs Core,built-in
common-actions-everyday-phrasal-verbs-run-out-of,run out of,закончиться (о запасах),common-actions,Common Actions,Everyday Phrasal Verbs,medium,3,,We may run out of milk before the shops open.,to have no more of something left,phrase,Phrasal Verbs Core,built-in
common-actions-everyday-phrasal-verbs-put-off,put off,откладывать,common-actions,Common Actions,Everyday Phrasal Verbs,hard,5,,Do not put off your important homework until Sunday.,to delay something until a later time,phrase,Phrasal Verbs Core,built-in
common-actions-everyday-phrasal-verbs-set-up,set up,"настроить, основать",common-actions,Common Actions,Everyday Phrasal Verbs,medium,3,,We need to set up the new printer today.,to prepare and arrange something so it is ready for use,phrase,Phrasal Verbs Core,built-in
common-actions-everyday-phrasal-verbs-take-off,take off,"взлетать, снимать",common-actions,Common Actions,Everyday Phrasal Verbs,medium,3,,The plane will take off after the storm ends.,"to leave the ground and begin flying, or to remove clothing",phrase,Phrasal Verbs Core,built-in
common-actions-everyday-phrasal-verbs-get-along-with,get along with,ладить с,common-actions,Common Actions,Everyday Phrasal Verbs,hard,5,,I get along with my colleagues very well.,to have a friendly relationship with someone,phrase,Phrasal Verbs Core,built-in
common-actions-everyday-phrasal-verbs-come-across,come across,наткнуться на,common-actions,Common Actions,Everyday Phrasal Verbs,hard,5,,You may come across new words in every article.,to find or meet something by chance,phrase,Phrasal Verbs Core,built-in
common-actions-everyday-phrasal-verbs-work-out,work out,решить; тренироваться,common-actions,Common Actions,Everyday Phrasal Verbs,hard,5,,I work out at the gym three times weekly.,"to solve a problem, or to exercise the body",phrase,Phrasal Verbs Core,built-in
common-actions-everyday-phrasal-verbs-show-up,show up,появиться,common-actions,Common Actions,Everyday Phrasal Verbs,medium,3,,Please show up ten minutes before the appointment.,"to arrive at a place, especially an event",phrase,Phrasal Verbs Core,built-in
common-actions-everyday-phrasal-verbs-call-off,call off,отменить,common-actions,Common Actions,Everyday Phrasal Verbs,hard,5,,They had to call off the match because of rain.,to cancel a planned event,phrase,Phrasal Verbs Core,built-in
common-actions-everyday-phrasal-verbs-look-forward-to,look forward to,ждать с нетерпением,common-actions,Common Actions,Everyday Phrasal Verbs,hard,5,,I look forward to visiting my family next month.,to feel pleased and excited about something that will happen,phrase,Phrasal Verbs Core,built-in
travel-and-culture-at-the-airport-boarding-pass,boarding pass,посадочный талон,travel-and-culture,Travel and Culture,At the Airport,medium,3,,Please show your boarding pass at the gate.,a printed or digital card needed to enter a plane,noun,Airport and Travel Core,built-in
travel-and-culture-at-the-airport-passport-control,passport control,паспортный контроль,travel-and-culture,Travel and Culture,At the Airport,medium,3,,We waited twenty minutes at passport control.,the place where officers check travel documents at a border,noun,Airport and Travel Core,built-in
travel-and-culture-at-the-airport-baggage-claim,baggage claim,зона выдачи багажа,travel-and-culture,Travel and Culture,At the Airport,medium,3,,Our suitcases appeared at baggage claim after ten minutes.,the area of an airport where passengers collect their bags,noun,Airport and Travel Core,built-in
travel-and-culture-at-the-airport-check-in-desk,check-in desk,стойка регистрации,travel-and-culture,Travel and Culture,At the Airport,medium,3,,There was a long queue at the check-in desk.,the counter where passengers register for a flight,noun,Airport and Travel Core,built-in
travel-and-culture-at-the-airport-security-check,security check,досмотр безопасности,travel-and-culture,Travel and Culture,At the Airport,medium,3,,Remove your belt before the security check.,an inspection of passengers and bags before boarding,noun,Airport and Travel Core,built-in
travel-and-culture-at-the-airport-gate,gate,выход на посадку,travel-and-culture,Travel and Culture,At the Airport,easy,2,,Our gate changed twenty minutes before departure.,the numbered exit where passengers board a plane,noun,Airport and Travel Core,built-in
travel-and-culture-at-the-airport-terminal,terminal,терминал,travel-and-culture,Travel and Culture,At the Airport,easy,2,,The new terminal has more shops than the old one.,a large building at an airport used by passengers,noun,Airport and Travel Core,built-in
travel-and-culture-at-the-airport-customs-officer,customs officer,таможенник,travel-and-culture,Travel and Culture,At the Airport,hard,5,,A customs officer asked to see our documents.,a person who checks goods and papers at a border,noun,Airport and Travel Core,built-in
travel-and-culture-at-the-airport-duty-free-shop,duty-free shop,магазин беспошлинной торговли,travel-and-culture,Travel and Culture,At the Airport,hard,5,,We bought chocolate at the duty-free shop.,a place at an airport that sells goods without extra tax,noun,Airport and Travel Core,built-in
travel-and-culture-at-the-airport-departure-lounge,departure lounge,зал ожидания вылета,travel-and-culture,Travel and Culture,At the Airport,medium,3,,We had coffee in the departure lounge before boarding.,the waiting area for passengers before their flight leaves,noun,Airport and Travel Core,built-in
travel-and-culture-at-the-airport-connecting-flight,connecting flight,стыковочный рейс,travel-and-culture,Travel and Culture,At the Airport,hard,5,,We had only forty minutes for our connecting flight.,a later journey by air that continues after a stop,noun,Airport and Travel Core,built-in
travel-and-culture-at-the-airport-excess-baggage,excess baggage,излишек багажа,travel-and-culture,Travel and Culture,At the Airport,hard,5,,She had to pay extra for excess baggage.,luggage that weighs more than the amount allowed for free,noun,Airport and Travel Core,built-in
travel-and-culture-at-the-airport-immigration,immigration,иммиграционная служба,travel-and-culture,Travel and Culture,At the Airport,hard,5,,The queue for immigration moved very slowly.,the official process of checking people entering a country,noun,Airport and Travel Core,built-in
travel-and-culture-on-the-plane-seatbelt,seatbelt,ремень безопасности,travel-and-culture,Travel and Culture,On the Plane,easy,2,,Please fasten your seatbelt before take-off.,a strap that holds a passenger safely in a seat,noun,Airport and Travel Core,built-in
travel-and-culture-on-the-plane-cabin-crew,cabin crew,экипаж самолёта,travel-and-culture,Travel and Culture,On the Plane,medium,3,,The cabin crew served drinks after take-off.,the staff who look after passengers during a flight,noun,Airport and Travel Core,built-in
travel-and-culture-on-the-plane-window-seat,window seat,место у окна,travel-and-culture,Travel and Culture,On the Plane,easy,2,,I always ask for a window seat when I fly.,a place next to the side glass on a plane or train,noun,Airport and Travel Core,built-in
travel-and-culture-on-the-plane-aisle,aisle,проход между рядами,travel-and-culture,Travel and Culture,On the Plane,hard,5,,She walked down the aisle to find her row.,a narrow passage between rows of seats on a plane,noun,Airport and Travel Core,built-in
travel-and-culture-on-the-plane-turbulence,turbulence,турбулентность,travel-and-culture,Travel and Culture,On the Plane,hard,5,,The flight was smooth apart from some turbulence.,sudden rough movement of a plane caused by moving air,noun,Airport and Travel Core,built-in
travel-and-culture-on-the-plane-overhead-locker,overhead locker,верхняя багажная полка,travel-and-culture,Travel and Culture,On the Plane,hard,5,,Put your small bag in the overhead locker.,a storage space above the seats for hand luggage,noun,Airport and Travel Core,built-in
travel-and-culture-on-the-plane-emergency-exit,emergency exit,аварийный выход,travel-and-culture,Travel and Culture,On the Plane,hard,5,,Passengers near the emergency exit must listen carefully.,a door used only to leave a plane quickly in danger,noun,Airport and Travel Core,built-in
travel-and-culture-on-the-plane-altitude,altitude,высота полёта,travel-and-culture,Travel and Culture,On the Plane,medium,3,,The plane reached its cruising altitude after ten minutes.,the height of an aircraft above the ground,noun,Airport and Travel Core,built-in
travel-and-culture-on-the-plane-announcement,announcement,объявление по громкой связи,travel-and-culture,Travel and Culture,On the Plane,hard,5,,The pilot made an announcement about the weather.,a short spoken message giving information to many people,noun,Airport and Travel Core,built-in
travel-and-culture-on-the-plane-jet-lag,jet lag,смена часовых поясов (усталость),travel-and-culture,Travel and Culture,On the Plane,medium,3,,It took me two days to recover from jet lag.,tiredness caused by travelling quickly across time zones,noun,Airport and Travel Core,built-in
travel-and-culture-on-the-plane-runway,runway,взлётно-посадочная полоса,travel-and-culture,Travel and Culture,On the Plane,easy,2,,The plane waited on the runway before take-off.,a long strip of ground used by planes for landing and take-off,noun,Airport and Travel Core,built-in
travel-and-culture-on-the-plane-safety-demonstration,safety demonstration,демонстрация правил безопасности,travel-and-culture,Travel and Culture,On the Plane,hard,5,,The crew gave a safety demonstration before departure.,a short show explaining what to do in an emergency,noun,Airport and Travel Core,built-in
jobs-and-career-job-interview-cover-letter,cover letter,сопроводительное письмо,jobs-and-career,Jobs and Career,Job Interview,medium,3,,I attached a cover letter to my application.,a short message sent together with a job application,noun,Work and Interviews Core,built-in
jobs-and-career-job-interview-curriculum-vitae,curriculum vitae,резюме,jobs-and-career,Jobs and Career,Job Interview,hard,5,,Please send your curriculum vitae by Friday.,a document listing a person's education and work history,noun,Work and Interviews Core,built-in
jobs-and-career-job-interview-strength,strength,сильная сторона,jobs-and-career,Jobs and Career,Job Interview,medium,3,,My main strength is working well under pressure.,a good quality or skill that a person has,noun,Work and Interviews Core,built-in
jobs-and-career-job-interview-weakness,weakness,слабая сторона,jobs-and-career,Jobs and Career,Job Interview,medium,3,,She mentioned time management as a weakness.,a quality that makes someone less able at something,noun,Work and Interviews Core,built-in
jobs-and-career-job-interview-salary-expectation,salary expectation,ожидания по зарплате,jobs-and-career,Jobs and Career,Job Interview,hard,5,,The manager asked about my salary expectation.,the amount of pay a candidate hopes to receive,noun,Work and Interviews Core,built-in
jobs-and-career-job-interview-reference,reference,рекомендация от работодателя,jobs-and-career,Jobs and Career,Job Interview,medium,3,,He gave his former manager as a reference.,a statement from someone who can describe your work,noun,Work and Interviews Core,built-in
jobs-and-career-job-interview-probation-period,probation period,испытательный срок,jobs-and-career,Jobs and Career,Job Interview,hard,5,,New staff have a three-month probation period.,a trial time at the start of a new job,noun,Work and Interviews Core,built-in
jobs-and-career-job-interview-shortlist,shortlist,список финалистов,jobs-and-career,Jobs and Career,Job Interview,hard,5,,Only five candidates made the final shortlist.,a small list of the best candidates chosen from many,noun,Work and Interviews Core,built-in
jobs-and-career-job-interview-panel-interview,panel interview,собеседование с комиссией,jobs-and-career,Jobs and Career,Job Interview,hard,5,,The panel interview included three managers.,a meeting where several people question one candidate,noun,Work and Interviews Core,built-in
jobs-and-career-job-interview-job-offer,job offer,предложение о работе,jobs-and-career,Jobs and Career,Job Interview,easy,2,,She accepted the job offer the same week.,a formal invitation to start working for a company,noun,Work and Interviews Core,built-in
jobs-and-career-job-interview-body-language,body language,язык тела,jobs-and-career,Jobs and Career,Job Interview,medium,3,,Confident body language can help during an interview.,the way a person moves and stands that shows feelings,noun,Work and Interviews Core,built-in
jobs-and-career-job-interview-eye-contact,eye contact,зрительный контакт,jobs-and-career,Jobs and Career,Job Interview,medium,3,,Keeping eye contact shows that you are listening.,the act of looking directly at another person's eyes,noun,Work and Interviews Core,built-in
jobs-and-career-job-interview-follow-up-email,follow-up email,письмо после собеседования,jobs-and-career,Jobs and Career,Job Interview,hard,5,,I sent a follow-up email to thank the interviewer.,a message sent after a meeting to add more information,noun,Work and Interviews Core,built-in
jobs-and-career-at-work-supervisor,supervisor,"руководитель, начальник",jobs-and-career,Jobs and Career,At Work,hard,5,,My supervisor checked the report before it was sent.,a person who manages and checks the work of others,noun,Work and Interviews Core,built-in
jobs-and-career-at-work-workload,workload,объём работы,jobs-and-career,Jobs and Career,At Work,medium,3,,The workload increases at the end of every month.,the amount of work that a person has to do,noun,Work and Interviews Core,built-in
jobs-and-career-at-work-overtime,overtime,сверхурочная работа,jobs-and-career,Jobs and Career,At Work,medium,3,,He worked overtime to finish the project on time.,extra time worked beyond the normal working hours,noun,Work and Interviews Core,built-in
jobs-and-career-at-work-promotion,promotion,повышение по службе,jobs-and-career,Jobs and Career,At Work,medium,3,,She received a promotion after two years.,a move to a higher position with more responsibility,noun,Work and Interviews Core,built-in
jobs-and-career-at-work-resignation,resignation,заявление об увольнении,jobs-and-career,Jobs and Career,At Work,hard,5,,He handed in his resignation last Monday.,an official statement that a person is leaving a job,noun,Work and Interviews Core,built-in
jobs-and-career-at-work-teamwork,teamwork,командная работа,jobs-and-career,Jobs and Career,At Work,easy,2,,Good teamwork helped us finish the project early.,the combined effort of people working together,noun,Work and Interviews Core,built-in
jobs-and-career-at-work-punctual,punctual,пунктуальный,jobs-and-career,Jobs and Career,At Work,hard,5,,Being punctual is important for every meeting.,arriving or happening at the exact planned time,adjective,Work and Interviews Core,built-in
jobs-and-career-at-work-workplace,workplace,рабочее место,jobs-and-career,Jobs and Career,At Work,easy,2,,Our workplace introduced flexible working hours.,the building or place where people do their job,noun,Work and Interviews Core,built-in
jobs-and-career-at-work-meeting-room,meeting room,переговорная комната,jobs-and-career,Jobs and Career,At Work,easy,2,,The meeting room was booked for the whole morning.,a space used for discussions between colleagues,noun,Work and Interviews Core,built-in
jobs-and-career-at-work-annual-leave,annual leave,ежегодный отпуск,jobs-and-career,Jobs and Career,At Work,hard,5,,I have ten days of annual leave left this year.,the paid holiday time that an employee is allowed each year,noun,Work and Interviews Core,built-in
jobs-and-career-at-work-sick-leave,sick leave,больничный отпуск,jobs-and-career,Jobs and Career,At Work,medium,3,,She took two days of sick leave last week.,time away from work allowed because of illness,noun,Work and Interviews Core,built-in
jobs-and-career-at-work-performance-review,performance review,оценка работы сотрудника,jobs-and-career,Jobs and Career,At Work,hard,5,,My performance review is scheduled for next Tuesday.,a formal discussion about how well someone has worked,noun,Work and Interviews Core,built-in
time-and-dates-days-and-months-monday,Monday,понедельник,time-and-dates,Time and Dates,Days and Months,medium,3,,The meeting is scheduled for Monday morning.,the first day of the working week,noun,Time and Dates Core,built-in
time-and-dates-days-and-months-tuesday,Tuesday,вторник,time-and-dates,Time and Dates,Days and Months,medium,3,,We usually go to the gym on Tuesday.,the day of the week that comes after Monday,noun,Time and Dates Core,built-in
time-and-dates-days-and-months-thursday,Thursday,четверг,time-and-dates,Time and Dates,Days and Months,hard,5,,The report is due on Thursday afternoon.,the day of the week between Wednesday and Friday,noun,Time and Dates Core,built-in
time-and-dates-days-and-months-friday,Friday,пятница,time-and-dates,Time and Dates,Days and Months,easy,2,,Most people finish work early on Friday.,the last working day of the standard week,noun,Time and Dates Core,built-in
time-and-dates-days-and-months-saturday,Saturday,суббота,time-and-dates,Time and Dates,Days and Months,hard,5,,We do the shopping every Saturday morning.,the day of the week between Friday and Sunday,noun,Time and Dates Core,built-in
time-and-dates-days-and-months-sunday,Sunday,воскресенье,time-and-dates,Time and Dates,Days and Months,easy,2,,The shop is closed on Sunday.,"the last day of the week, often a day of rest",noun,Time and Dates Core,built-in
time-and-dates-days-and-months-january,January,январь,time-and-dates,Time and Dates,Days and Months,medium,3,,The course starts in January every year.,the first month of the year,noun,Time and Dates Core,built-in
time-and-dates-days-and-months-march,March,март,time-and-dates,Time and Dates,Days and Months,easy,2,,Spring usually begins in late March.,the third month of the year,noun,Time and Dates Core,built-in
time-and-dates-days-and-months-april,April,апрель,time-and-dates,Time and Dates,Days and Months,easy,2,,It often rains a lot in April.,the month that comes after March,noun,Time and Dates Core,built-in
time-and-dates-days-and-months-june,June,июнь,time-and-dates,Time and Dates,Days and Months,easy,2,,The summer holidays usually start in June.,the sixth month of the year,noun,Time and Dates Core,built-in
time-and-dates-days-and-months-august,August,август,time-and-dates,Time and Dates,Days and Months,medium,3,,Many families go on holiday in August.,"the eighth month of the year, in late summer",noun,Time and Dates Core,built-in
time-and-dates-days-and-months-september,September,сентябрь,time-and-dates,Time and Dates,Days and Months,medium,3,,The new term begins in September.,"the ninth month of the year, at the start of autumn",noun,Time and Dates Core,built-in
time-and-dates-days-and-months-december,December,декабрь,time-and-dates,Time and Dates,Days and Months,medium,3,,The office closes for a week in December.,the last month of the year,noun,Time and Dates Core,built-in
time-and-dates-planning-time-schedule,schedule,"расписание, график (дел)",time-and-dates,Time and Dates,Planning Time,hard,5,,Please check the schedule before you arrive.,a plan showing when events or tasks will happen,noun,Time and Dates Core,built-in
time-and-dates-planning-time-timetable,timetable,расписание занятий,time-and-dates,Time and Dates,Planning Time,medium,3,,The new timetable starts next Monday.,a chart showing when classes or trains happen,noun,Time and Dates Core,built-in
time-and-dates-planning-time-postpone,postpone,"отложить, перенести",time-and-dates,Time and Dates,Planning Time,hard,5,,We had to postpone the meeting until Friday.,to move an event to a later time,verb,Time and Dates Core,built-in
time-and-dates-planning-time-in-advance,in advance,заранее,time-and-dates,Time and Dates,Planning Time,medium,3,,Please book your tickets in advance.,"before something happens, ahead of time",phrase,Time and Dates Core,built-in
time-and-dates-planning-time-on-time,on time,вовремя,time-and-dates,Time and Dates,Planning Time,easy,2,,The train arrived exactly on time.,"at the correct or expected moment, not late",phrase,Time and Dates Core,built-in
time-and-dates-planning-time-punctuality,punctuality,пунктуальность,time-and-dates,Time and Dates,Planning Time,hard,5,,Punctuality is expected at every business meeting.,the habit of arriving at the exact planned time,noun,Time and Dates Core,built-in
time-and-dates-planning-time-reminder,reminder,напоминание,time-and-dates,Time and Dates,Planning Time,medium,3,,I set a reminder for the dentist appointment.,something that helps a person remember an event,noun,Time and Dates Core,built-in
time-and-dates-planning-time-duration,duration,продолжительность,time-and-dates,Time and Dates,Planning Time,hard,5,,The duration of the flight is about three hours.,the length of time that something lasts,noun,Time and Dates Core,built-in
time-and-dates-planning-time-beforehand,beforehand,заблаговременно,time-and-dates,Time and Dates,Planning Time,hard,5,,We booked a table at the restaurant beforehand.,"at an earlier time, in preparation for something",adverb,Time and Dates Core,built-in
time-and-dates-planning-time-nowadays,nowadays,в наши дни,time-and-dates,Time and Dates,Planning Time,medium,3,,"Nowadays, most people work with computers.","at the present time, in contrast with the past",adverb,Time and Dates Core,built-in
time-and-dates-planning-time-fortnight,fortnight,две недели,time-and-dates,Time and Dates,Planning Time,hard,5,,We are going on holiday for a fortnight.,a period lasting two weeks,noun,Time and Dates Core,built-in
time-and-dates-planning-time-weekday,weekday,будний день,time-and-dates,Time and Dates,Planning Time,easy,2,,The office is only open on a weekday.,any day except Saturday and Sunday,noun,Time and Dates Core,built-in
shopping-paying-cash,cash,наличные,shopping,Shopping,Paying,easy,2,,I always keep some cash for small shops.,money in the form of coins and notes,noun,Money and Shopping Core,built-in
shopping-paying-credit-card,credit card,кредитная карта,shopping,Shopping,Paying,medium,3,,She paid for the tickets with a credit card.,a small plastic item that lets a person borrow money to pay,noun,Money and Shopping Core,built-in
shopping-paying-debit-card,debit card,дебетовая карта,shopping,Shopping,Paying,medium,3,,I used my debit card at the supermarket.,a small plastic item that takes money straight from a bank account,noun,Money and Shopping Core,built-in
shopping-paying-contactless-payment,contactless payment,бесконтактный платёж,shopping,Shopping,Paying,hard,5,,Contactless payment made the queue move faster.,a way of paying by holding a card near a machine,noun,Money and Shopping Core,built-in
shopping-paying-change,change,сдача,shopping,Shopping,Paying,medium,3,,The cashier gave me the wrong change.,the money returned after paying more than the price,noun,Money and Shopping Core,built-in
shopping-paying-price-tag,price tag,ценник,shopping,Shopping,Paying,medium,3,,I checked the price tag before choosing the jacket.,a small label on a product showing its cost,noun,Money and Shopping Core,built-in
shopping-paying-instalment,instalment,платёж в рассрочку,shopping,Shopping,Paying,hard,5,,We paid for the sofa in monthly instalments.,one of several regular payments used to pay a larger amount,noun,Money and Shopping Core,built-in
shopping-paying-currency,currency,валюта,shopping,Shopping,Paying,hard,5,,You should change your currency before the trip.,the money used in a particular country,noun,Money and Shopping Core,built-in
shopping-paying-surcharge,surcharge,дополнительная плата,shopping,Shopping,Paying,hard,5,,There was a small surcharge for paying by card.,an extra amount added to the usual price,noun,Money and Shopping Core,built-in
shopping-paying-voucher,voucher,"ваучер, купон",shopping,Shopping,Paying,hard,5,,She used a voucher to get a free coffee.,a piece of paper that can be used instead of money,noun,Money and Shopping Core,built-in
shopping-paying-loyalty-card,loyalty card,карта лояльности,shopping,Shopping,Paying,hard,5,,I collect points with my loyalty card.,a small plastic item that gives regular customers small rewards,noun,Money and Shopping Core,built-in
shopping-paying-till,till,касса,shopping,Shopping,Paying,easy,2,,Please pay at the till near the door.,the machine or desk where customers pay in a shop,noun,Money and Shopping Core,built-in
shopping-paying-overpay,overpay,переплатить,shopping,Shopping,Paying,medium,3,,I did not want to overpay for the tickets.,to pay more money than something is really worth,verb,Money and Shopping Core,built-in
shopping-banking-bank-account,bank account,банковский счёт,shopping,Shopping,Banking,medium,3,,I opened a bank account when I moved here.,an official arrangement for keeping and using your money,noun,Money and Shopping Core,built-in
shopping-banking-withdraw,withdraw,снять деньги,shopping,Shopping,Banking,hard,5,,I need to withdraw some money from the machine.,to take money out of a bank account,verb,Money and Shopping Core,built-in
shopping-banking-deposit,deposit,"внести деньги, депозит",shopping,Shopping,Banking,hard,5,,She plans to deposit her salary tomorrow.,to put money into a bank account,verb,Money and Shopping Core,built-in
shopping-banking-balance,balance,баланс счёта,shopping,Shopping,Banking,medium,3,,Check your balance before making a big purchase.,the amount of money currently held in an account,noun,Money and Shopping Core,built-in
shopping-banking-overdraft,overdraft,овердрафт,shopping,Shopping,Banking,hard,5,,The bank allowed a small overdraft that month.,an amount of money spent that is more than an account holds,noun,Money and Shopping Core,built-in
shopping-banking-transfer,transfer,перевод денег,shopping,Shopping,Banking,medium,3,,The transfer took two days to arrive.,the act of moving money from one account to another,noun,Money and Shopping Core,built-in
shopping-banking-savings-account,savings account,сберегательный счёт,shopping,Shopping,Banking,medium,3,,He keeps his savings account separate from his salary.,a place where money is kept safely and slowly earns extra,noun,Money and Shopping Core,built-in
shopping-banking-interest-rate,interest rate,процентная ставка,shopping,Shopping,Banking,hard,5,,The interest rate on the loan seemed quite high.,the percentage charged or earned on money over time,noun,Money and Shopping Core,built-in
shopping-banking-loan,loan,"кредит, заём",shopping,Shopping,Banking,easy,2,,They took out a loan to buy the car.,money borrowed that must usually be paid back with interest,noun,Money and Shopping Core,built-in
shopping-banking-mortgage,mortgage,ипотека,shopping,Shopping,Banking,hard,5,,They finally paid off their mortgage last year.,a loan used specifically to buy a house or flat,noun,Money and Shopping Core,built-in
shopping-banking-pin-code,PIN code,пин-код,shopping,Shopping,Banking,medium,3,,Never share your PIN code with anyone else.,a secret number used to confirm a card payment,noun,Money and Shopping Core,built-in
shopping-banking-statement,statement,выписка по счёту,shopping,Shopping,Banking,hard,5,,I checked my bank statement for any mistakes.,an official document showing all payments and income,noun,Money and Shopping Core,built-in
school-and-learning-in-class-classmate,classmate,одноклассник,school-and-learning,School and Learning,In Class,medium,3,,My classmate helped me understand the exercise.,a person who studies together with you at school,noun,School and Learning Core,built-in
school-and-learning-in-class-textbook,textbook,учебник,school-and-learning,School and Learning,In Class,medium,3,,Open your textbook on page twenty.,a book used by students to study a subject,noun,School and Learning Core,built-in
school-and-learning-in-class-blackboard,blackboard,школьная доска,school-and-learning,School and Learning,In Class,medium,3,,The teacher wrote the date on the blackboard.,a dark board that teachers write on with chalk,noun,School and Learning Core,built-in
school-and-learning-in-class-whiteboard,whiteboard,белая маркерная доска,school-and-learning,School and Learning,In Class,easy,2,,The teacher drew a diagram on the whiteboard.,a shiny pale surface used for writing with coloured pens,noun,School and Learning Core,built-in
school-and-learning-in-class-homework,homework,домашнее задание,school-and-learning,School and Learning,In Class,medium,3,,I finished my homework before dinner.,school work that students complete outside class time,noun,School and Learning Core,built-in
school-and-learning-in-class-lesson,lesson,урок,school-and-learning,School and Learning,In Class,easy,2,,The lesson finished ten minutes early today.,a period of time spent teaching or learning a subject,noun,School and Learning Core,built-in
school-and-learning-in-class-lecture,lecture,лекция,school-and-learning,School and Learning,In Class,medium,3,,The lecture covered three chapters of the book.,a formal talk given to teach a subject to students,noun,School and Learning Core,built-in
school-and-learning-in-class-syllabus,syllabus,учебная программа,school-and-learning,School and Learning,In Class,hard,5,,The syllabus lists every topic for this term.,a document listing everything to be studied in a course,noun,School and Learning Core,built-in
school-and-learning-in-class-attendance,attendance,посещаемость,school-and-learning,School and Learning,In Class,hard,5,,The teacher checks attendance every morning.,a record of who is present at classes or events,noun,School and Learning Core,built-in
school-and-learning-in-class-participate,participate,участвовать,school-and-learning,School and Learning,In Class,hard,5,,Students are encouraged to participate in discussions.,to take an active part in an activity,verb,School and Learning Core,built-in
school-and-learning-in-class-discussion,discussion,обсуждение,school-and-learning,School and Learning,In Class,hard,5,,The class discussion lasted almost an hour.,a conversation in which people share opinions about a topic,noun,School and Learning Core,built-in
school-and-learning-in-class-group-work,group work,групповая работа,school-and-learning,School and Learning,In Class,easy,2,,We finished the poster during group work.,a task completed together by several students,noun,School and Learning Core,built-in
school-and-learning-in-class-raise-your-hand,raise your hand,поднять руку,school-and-learning,School and Learning,In Class,medium,3,,Please raise your hand before you speak.,to lift your arm to show you want to say something,phrase,School and Learning Core,built-in
school-and-learning-exams-exam-paper,exam paper,экзаменационная работа,school-and-learning,School and Learning,Exams,medium,3,,The exam paper had four long questions.,the printed sheet containing questions for a test,noun,School and Learning Core,built-in
school-and-learning-exams-multiple-choice,multiple choice,тест с вариантами ответов,school-and-learning,School and Learning,Exams,hard,5,,The first section was multiple choice.,a type of question with several possible answers to pick from,noun,School and Learning Core,built-in
school-and-learning-exams-revision,revision,повторение материала,school-and-learning,School and Learning,Exams,hard,5,,I spent the weekend doing revision for maths.,the process of studying material again before a test,noun,School and Learning Core,built-in
school-and-learning-exams-pass,pass,сдать экзамен,school-and-learning,School and Learning,Exams,easy,2,,She worked hard to pass the final exam.,to succeed in a test or course,verb,School and Learning Core,built-in
school-and-learning-exams-fail,fail,провалить экзамен,school-and-learning,School and Learning,Exams,easy,2,,He was worried he might fail the driving test.,to not succeed in a test or course,verb,School and Learning Core,built-in
school-and-learning-exams-grade,grade,оценка (в школе),school-and-learning,School and Learning,Exams,easy,2,,She received the highest grade in the class.,a letter or number showing how well someone did,noun,School and Learning Core,built-in
school-and-learning-exams-mark,mark,отметка,school-and-learning,School and Learning,Exams,easy,2,,The teacher gave a good mark for the essay.,a number given to show the quality of a piece of work,noun,School and Learning Core,built-in
school-and-learning-exams-cheat,cheat,списывать на экзамене,school-and-learning,School and Learning,Exams,hard,5,,Students who cheat can lose all their marks.,to act dishonestly in order to gain an unfair advantage,verb,School and Learning Core,built-in
school-and-learning-exams-plagiarism,plagiarism,плагиат,school-and-learning,School and Learning,Exams,hard,5,,The essay was rejected because of plagiarism.,copying someone else's work and presenting it as your own,noun,School and Learning Core,built-in
school-and-learning-exams-certificate,certificate,"сертификат, аттестат",school-and-learning,School and Learning,Exams,hard,5,,She proudly framed her graduation certificate on the wall.,an official document proving that someone completed a course,noun,School and Learning Core,built-in
school-and-learning-exams-exam-hall,exam hall,экзаменационный зал,school-and-learning,School and Learning,Exams,medium,3,,Students entered the exam hall in silence.,a large room where tests are held,noun,School and Learning Core,built-in
school-and-learning-exams-resit,resit,пересдача экзамена,school-and-learning,School and Learning,Exams,hard,5,,He passed the resit after failing the first attempt.,a second attempt at a test that was previously failed,noun,School and Learning Core,built-in
common-actions-at-home-tidy-up,tidy up,"убираться, наводить порядок",common-actions,Common Actions,At Home,easy,2,,Can you tidy up your room before dinner?,to make a place neat by putting things in order,phrase,Everyday Actions Core,built-in
common-actions-at-home-do-the-dishes,do the dishes,мыть посуду,common-actions,Common Actions,At Home,easy,2,,It is my turn to do the dishes tonight.,to wash the plates and cups after a meal,phrase,Everyday Actions Core,built-in
common-actions-at-home-make-the-bed,make the bed,заправлять кровать,common-actions,Common Actions,At Home,easy,2,,I always make the bed before leaving home.,to arrange the sheets and covers neatly after sleeping,phrase,Everyday Actions Core,built-in
common-actions-at-home-take-out-the-rubbish,take out the rubbish,выносить мусор,common-actions,Common Actions,At Home,medium,3,,Please take out the rubbish before it gets full.,to carry waste from the house to an outside bin,phrase,Everyday Actions Core,built-in
common-actions-at-home-vacuum,vacuum,пылесосить,common-actions,Common Actions,At Home,hard,5,,I usually vacuum the carpet on Saturday morning.,to clean a floor using a machine that sucks up dirt,verb,Everyday Actions Core,built-in
common-actions-at-home-iron,iron,гладить одежду,common-actions,Common Actions,At Home,easy,2,,I need to iron this shirt before work.,to make clothes smooth using a heated appliance,verb,Everyday Actions Core,built-in
common-actions-at-home-water-the-plants,water the plants,поливать растения,common-actions,Common Actions,At Home,easy,2,,Could you water the plants while I am away?,to pour liquid onto pots or flowers so they can grow,phrase,Everyday Actions Core,built-in
common-actions-at-home-sweep-the-floor,sweep the floor,подметать пол,common-actions,Common Actions,At Home,medium,3,,Please sweep the floor before the guests arrive.,to clean the ground inside using a brush with a long handle,phrase,Everyday Actions Core,built-in
common-actions-at-home-mop-the-floor,mop the floor,мыть полы шваброй,common-actions,Common Actions,At Home,medium,3,,He decided to mop the floor after the kitchen got messy.,to wash the ground inside using a tool with a long wet head,phrase,Everyday Actions Core,built-in
common-actions-at-home-put-away,put away,убирать на место,common-actions,Common Actions,At Home,medium,3,,Please put away your toys before bedtime.,to place something back in its usual storage spot,phrase,Everyday Actions Core,built-in
common-actions-at-home-plug-in,plug in,включать в розетку,common-actions,Common Actions,At Home,medium,3,,Remember to plug in the laptop overnight.,to connect a device to an electrical socket,phrase,Everyday Actions Core,built-in
common-actions-at-home-unplug,unplug,отключать от розетки,common-actions,Common Actions,At Home,hard,5,,Always unplug the iron after using it.,to disconnect a device from an electrical socket,verb,Everyday Actions Core,built-in
common-actions-at-home-do-the-laundry,do the laundry,стирать бельё,common-actions,Common Actions,At Home,easy,2,,I do the laundry every Sunday afternoon.,to wash clothes and other fabric items,phrase,Everyday Actions Core,built-in
common-actions-out-and-about-cross-the-road,cross the road,переходить дорогу,common-actions,Common Actions,Out and About,easy,2,,Look both ways before you cross the road.,to walk from one side of a street to the other,phrase,Everyday Actions Core,built-in
common-actions-out-and-about-queue-up,queue up,стоять в очереди,common-actions,Common Actions,Out and About,hard,5,,We had to queue up outside the cinema.,to stand in a line while waiting for something,phrase,Everyday Actions Core,built-in
common-actions-out-and-about-wait-in-line,wait in line,ждать в очереди,common-actions,Common Actions,Out and About,easy,2,,We had to wait in line for almost an hour.,to stand behind other people until it is your turn,phrase,Everyday Actions Core,built-in
common-actions-out-and-about-run-errands,run errands,выполнять поручения,common-actions,Common Actions,Out and About,hard,5,,I need to run errands before the shops close.,to go out and complete several small tasks,phrase,Everyday Actions Core,built-in
common-actions-out-and-about-drop-by,drop by,зайти ненадолго,common-actions,Common Actions,Out and About,medium,3,,Feel free to drop by whenever you are free.,to visit somewhere briefly without a long stay,phrase,Everyday Actions Core,built-in
common-actions-out-and-about-hang-out,hang out,проводить время с друзьями,common-actions,Common Actions,Out and About,medium,3,,We usually hang out at the park after school.,to spend time somewhere in a relaxed way with friends,phrase,Everyday Actions Core,built-in
common-actions-out-and-about-catch-up-with,catch up with,наверстать упущенное,common-actions,Common Actions,Out and About,hard,5,,Let's meet soon to catch up with each other.,to talk with someone after not seeing them for a while,phrase,Everyday Actions Core,built-in
common-actions-out-and-about-get-lost,get lost,заблудиться,common-actions,Common Actions,Out and About,easy,2,,Tourists sometimes get lost in the old part of town.,to become unable to find your way somewhere,phrase,Everyday Actions Core,built-in
common-actions-out-and-about-ask-for-directions,ask for directions,спрашивать дорогу,common-actions,Common Actions,Out and About,medium,3,,We stopped to ask for directions to the station.,to request help finding the way to a place,phrase,Everyday Actions Core,built-in
common-actions-out-and-about-pop-into,pop into,ненадолго зайти в магазин,common-actions,Common Actions,Out and About,hard,5,,I need to pop into the shop for some milk.,to visit a place quickly for a short time,phrase,Everyday Actions Core,built-in
common-actions-out-and-about-rush-hour,rush hour,час пик,common-actions,Common Actions,Out and About,medium,3,,The roads are very busy during rush hour.,the time of day when traffic is heaviest,noun,Everyday Actions Core,built-in
common-actions-out-and-about-take-a-shortcut,take a shortcut,пойти коротким путём,common-actions,Common Actions,Out and About,medium,3,,We decided to take a shortcut through the park.,to use a quicker route than the usual way,phrase,Everyday Actions Core,built-in
clothes-and-appearance-clothing-items-trousers,trousers,брюки,clothes-and-appearance,Clothes and Appearance,Clothing Items,medium,3,"ou in the middle, ends in -ers",He bought a new pair of trousers for the job interview.,Clothing that covers your legs from the waist down.,noun,Clothes and Appearance Core,built-in
clothes-and-appearance-clothing-items-sweater,sweater,свитер,clothes-and-appearance,Clothes and Appearance,Clothing Items,medium,3,,I wear a warm sweater when it gets cold in the evening.,"A warm knitted top with long sleeves, worn over other clothes.",noun,Clothes and Appearance Core,built-in
clothes-and-appearance-clothing-items-underwear,underwear,нижнее бельё,clothes-and-appearance,Clothes and Appearance,Clothing Items,medium,2,,She packed socks and clean underwear for the weekend trip.,Clothes worn next to the skin beneath your outer clothes.,noun,Clothes and Appearance Core,built-in
clothes-and-appearance-clothing-items-sleeve,sleeve,рукав,clothes-and-appearance,Clothes and Appearance,Clothing Items,medium,3,,The sleeve of my shirt got wet in the rain.,The part of a coat or shirt that covers your arm.,noun,Clothes and Appearance Core,built-in
clothes-and-appearance-clothing-items-collar,collar,воротник,clothes-and-appearance,Clothes and Appearance,Clothing Items,easy,2,,He turned up his collar because the wind was so cold.,The part of a shirt or coat around your neck.,noun,Clothes and Appearance Core,built-in
clothes-and-appearance-clothing-items-pocket,pocket,карман,clothes-and-appearance,Clothes and Appearance,Clothing Items,easy,2,,I found some coins in the pocket of my old jeans.,A small bag sewn into clothes for keeping small things.,noun,Clothes and Appearance Core,built-in
clothes-and-appearance-clothing-items-button,button,пуговица,clothes-and-appearance,Clothes and Appearance,Clothing Items,easy,2,double t,One button on my coat came off yesterday.,A small round object you push through a hole to close clothes.,noun,Clothes and Appearance Core,built-in
clothes-and-appearance-clothing-items-wear,wear,носить,clothes-and-appearance,Clothes and Appearance,Clothing Items,easy,2,,You should wear a hat when the sun is strong.,To have clothes or jewellery on your body.,verb,Clothes and Appearance Core,built-in
clothes-and-appearance-clothing-items-fit,fit,"подходить по размеру, сидеть (об одежде)",clothes-and-appearance,Clothes and Appearance,Clothing Items,easy,1,,These shoes are too small and they do not fit me.,To be the right size and shape for someone.,verb,Clothes and Appearance Core,built-in
clothes-and-appearance-clothing-items-try-on,try on,примерять,clothes-and-appearance,Clothes and Appearance,Clothing Items,medium,2,,"Can I try on this jacket in the changing room, please?",To put on clothes in a shop to see if they suit you.,phrase,Clothes and Appearance Core,built-in
clothes-and-appearance-accessories-scarf,scarf,шарф,clothes-and-appearance,Clothes and Appearance,Accessories,easy,2,,She wrapped a long woollen scarf around her neck.,A long piece of cloth worn around the neck or head.,noun,Clothes and Appearance Core,built-in
clothes-and-appearance-accessories-gloves,gloves,перчатки,clothes-and-appearance,Clothes and Appearance,Accessories,easy,2,,Don't forget your gloves because it is freezing outside.,Coverings for your hands that keep them warm.,noun,Clothes and Appearance Core,built-in
clothes-and-appearance-accessories-necklace,necklace,"ожерелье, колье",clothes-and-appearance,Clothes and Appearance,Accessories,medium,3,,My grandmother gave me a silver necklace for my birthday.,A piece of jewellery that you wear around your neck.,noun,Clothes and Appearance Core,built-in
clothes-and-appearance-accessories-bracelet,bracelet,браслет,clothes-and-appearance,Clothes and Appearance,Accessories,medium,3,,She lost her gold bracelet at the beach last summer.,A piece of jewellery worn around the wrist.,noun,Clothes and Appearance Core,built-in
clothes-and-appearance-accessories-sunglasses,sunglasses,солнцезащитные очки,clothes-and-appearance,Clothes and Appearance,Accessories,medium,2,,It was so bright that I had to wear my sunglasses.,Dark glasses that protect your eyes from bright light.,noun,Clothes and Appearance Core,built-in
clothes-and-appearance-accessories-umbrella,umbrella,зонт,clothes-and-appearance,Clothes and Appearance,Accessories,medium,3,,Take an umbrella with you because it might rain later.,A folding cover on a stick that keeps rain off you.,noun,Clothes and Appearance Core,built-in
clothes-and-appearance-accessories-wallet,wallet,кошелёк,clothes-and-appearance,Clothes and Appearance,Accessories,easy,2,,He took some money out of his wallet and paid.,A small flat case for keeping money and cards.,noun,Clothes and Appearance Core,built-in
clothes-and-appearance-accessories-put-on,put on,надевать,clothes-and-appearance,Clothes and Appearance,Accessories,easy,1,,"Put on your coat before you go out, please.",To place clothes on your body so that you are wearing them.,phrase,Clothes and Appearance Core,built-in
clothes-and-appearance-looks-and-grooming-hairstyle,hairstyle,причёска,clothes-and-appearance,Clothes and Appearance,Looks and Grooming,medium,3,,She changed her hairstyle and now she looks much younger.,The way that your hair is cut and arranged.,noun,Clothes and Appearance Core,built-in
clothes-and-appearance-looks-and-grooming-beard,beard,борода,clothes-and-appearance,Clothes and Appearance,Looks and Grooming,easy,2,,My uncle grew a long beard during the winter.,The hair that grows on a man's chin and cheeks.,noun,Clothes and Appearance Core,built-in
clothes-and-appearance-looks-and-grooming-moustache,moustache,усы,clothes-and-appearance,Clothes and Appearance,Looks and Grooming,hard,5,"mou + stache, British spelling",The old waiter had a thick grey moustache.,The hair that grows on a man's upper lip.,noun,Clothes and Appearance Core,built-in
clothes-and-appearance-looks-and-grooming-perfume,perfume,духи,clothes-and-appearance,Clothes and Appearance,Looks and Grooming,medium,3,,She put on a little perfume before the party.,A liquid with a sweet smell that you put on your skin.,noun,Clothes and Appearance Core,built-in
clothes-and-appearance-looks-and-grooming-shave,shave,брить(ся),clothes-and-appearance,Clothes and Appearance,Looks and Grooming,easy,2,,My dad likes to shave every morning before breakfast.,To cut hair from your face with a razor.,verb,Clothes and Appearance Core,built-in
clothes-and-appearance-looks-and-grooming-comb,comb,расчёсывать,clothes-and-appearance,Clothes and Appearance,Looks and Grooming,medium,4,silent b,Please comb your hair before we take the photo.,To tidy your hair using a flat tool with teeth.,verb,Clothes and Appearance Core,built-in
clothes-and-appearance-looks-and-grooming-fashionable,fashionable,модный,clothes-and-appearance,Clothes and Appearance,Looks and Grooming,hard,4,-able,Long coats are very fashionable in cities this autumn.,"Popular and modern at a particular time, in clothes and style.",adjective,Clothes and Appearance Core,built-in
clothes-and-appearance-looks-and-grooming-elegant,elegant,"элегантный, изящный",clothes-and-appearance,Clothes and Appearance,Looks and Grooming,hard,4,"-ant, not -ent",She looked elegant in her long black dress.,"Looking beautiful in a simple, graceful and stylish way.",adjective,Clothes and Appearance Core,built-in
clothes-and-appearance-looks-and-grooming-casual,casual,повседневный,clothes-and-appearance,Clothes and Appearance,Looks and Grooming,medium,3,,I prefer casual clothes to formal ones at weekends.,"Relaxed and comfortable, not formal or smart.",adjective,Clothes and Appearance Core,built-in
clothes-and-appearance-looks-and-grooming-scruffy,scruffy,"неопрятный, потрёпанный",clothes-and-appearance,Clothes and Appearance,Looks and Grooming,hard,4,double f,His scruffy jacket had a big hole in the elbow.,Untidy and not clean or well cared for.,adjective,Clothes and Appearance Core,built-in
family-and-relationships-relatives-cousin,cousin,двоюродный брат (сестра),family-and-relationships,Family and Relationships,Relatives,easy,3,,My cousin is coming to stay with us next week.,The child of your aunt or uncle.,noun,Family and Relationships Core,built-in
family-and-relationships-relatives-nephew,nephew,племянник,family-and-relationships,Family and Relationships,Relatives,medium,4,ph sounds like f,My nephew is five years old and loves football.,The son of your brother or sister.,noun,Family and Relationships Core,built-in
family-and-relationships-relatives-niece,niece,племянница,family-and-relationships,Family and Relationships,Relatives,medium,4,,My niece gave me a picture she painted herself.,The daughter of your brother or sister.,noun,Family and Relationships Core,built-in
family-and-relationships-relatives-aunt,aunt,тётя,family-and-relationships,Family and Relationships,Relatives,easy,2,,My aunt always sends me a card on my birthday.,The sister of your mother or father.,noun,Family and Relationships Core,built-in
family-and-relationships-relatives-uncle,uncle,дядя,family-and-relationships,Family and Relationships,Relatives,easy,2,,My uncle works as a driver in a big company.,The brother of your mother or father.,noun,Family and Relationships Core,built-in
family-and-relationships-relatives-twins,twins,близнецы,family-and-relationships,Family and Relationships,Relatives,easy,2,,The twins look so alike that nobody can tell them apart.,Two children born to the same mother at the same time.,noun,Family and Relationships Core,built-in
family-and-relationships-relatives-elderly,elderly,пожилой,family-and-relationships,Family and Relationships,Relatives,medium,3,,Please give your seat to an elderly person on the bus.,"Old, and often not strong or healthy any more.",adjective,Family and Relationships Core,built-in
family-and-relationships-friends-and-partners-flatmate,flatmate,сосед по квартире,family-and-relationships,Family and Relationships,Friends and Partners,medium,2,,My flatmate cooks dinner on Monday and I cook on Tuesday.,A person you share a flat with but are not related to.,noun,Family and Relationships Core,built-in
family-and-relationships-friends-and-partners-acquaintance,acquaintance,знакомый,family-and-relationships,Family and Relationships,Friends and Partners,hard,5,ac-quaint-ance: ends in -ance,"He is not a close friend, only an acquaintance from university.",Someone you know a little but who is not a friend.,noun,Family and Relationships Core,built-in
family-and-relationships-friends-and-partners-engaged,engaged,помолвленный,family-and-relationships,Family and Relationships,Friends and Partners,easy,3,,They got engaged last summer and will marry next year.,Having formally promised to marry a particular person.,adjective,Family and Relationships Core,built-in
family-and-relationships-friends-and-partners-trust,trust,доверять,family-and-relationships,Family and Relationships,Friends and Partners,easy,2,,I trust my best friend with all my secrets.,To believe that someone is honest and will not hurt you.,verb,Family and Relationships Core,built-in
family-and-relationships-friends-and-partners-argue,argue,"спорить, ссориться",family-and-relationships,Family and Relationships,Friends and Partners,medium,4,ends in -ue,My brother and I often argue about what to watch.,To speak angrily with someone because you disagree.,verb,Family and Relationships Core,built-in
family-and-relationships-friends-and-partners-get-on-with,get on with,ладить с,family-and-relationships,Family and Relationships,Friends and Partners,easy,2,,"I get on with all my colleagues, so work is fun.",To have a friendly relationship with someone.,phrase,Family and Relationships Core,built-in
family-and-relationships-friends-and-partners-fall-out-with,fall out with,поссориться с,family-and-relationships,Family and Relationships,Friends and Partners,medium,2,,I never want to fall out with my best friend.,To stop being friends after a disagreement.,phrase,Family and Relationships Core,built-in
family-and-relationships-life-events-wedding,wedding,свадьба,family-and-relationships,Family and Relationships,Life Events,easy,3,,We are going to a wedding in the mountains next Saturday.,A ceremony where two people get married.,noun,Family and Relationships Core,built-in
family-and-relationships-life-events-divorce,divorce,развод,family-and-relationships,Family and Relationships,Life Events,medium,3,,"After the divorce, the children lived with their mother.",The legal end of a marriage.,noun,Family and Relationships Core,built-in
family-and-relationships-life-events-anniversary,anniversary,годовщина,family-and-relationships,Family and Relationships,Life Events,medium,4,anni (year) + versary,"It is our wedding anniversary, so we are going out for dinner.",A date that people remember because of something that happened.,noun,Family and Relationships Core,built-in
family-and-relationships-life-events-funeral,funeral,похороны,family-and-relationships,Family and Relationships,Life Events,medium,3,,Many people came to the funeral to say goodbye.,A ceremony held after a person has died.,noun,Family and Relationships Core,built-in
family-and-relationships-life-events-celebrate,celebrate,"праздновать, отмечать",family-and-relationships,Family and Relationships,Life Events,medium,3,,We always celebrate the New Year with our whole family.,To do something enjoyable on a special day.,verb,Family and Relationships Core,built-in
family-and-relationships-life-events-adopt,adopt,усыновлять,family-and-relationships,Family and Relationships,Life Events,easy,2,,They decided to adopt a little girl from another country.,To legally take another person's child as your own.,verb,Family and Relationships Core,built-in
family-and-relationships-life-events-bring-up,bring up,воспитывать,family-and-relationships,Family and Relationships,Life Events,easy,2,,She had to bring up three children on her own.,To care for a child until he or she is an adult.,phrase,Family and Relationships Core,built-in
family-and-relationships-life-events-look-after,look after,"заботиться о, присматривать за",family-and-relationships,Family and Relationships,Life Events,easy,2,,Can you look after my cat while I am on holiday?,"To take care of a person, animal or thing.",phrase,Family and Relationships Core,built-in
hobbies-and-free-time-sport-and-exercise-gym,gym,спортзал,hobbies-and-free-time,Hobbies and Free Time,Sport and Exercise,easy,1,,I go to the gym three times a week after work.,A place with machines where people do physical exercise.,noun,Hobbies and Free Time Core,built-in
hobbies-and-free-time-sport-and-exercise-jog,jog,бегать трусцой,hobbies-and-free-time,Hobbies and Free Time,Sport and Exercise,easy,1,,I like to jog in the park before breakfast.,To run slowly and steadily for exercise.,verb,Hobbies and Free Time Core,built-in
hobbies-and-free-time-sport-and-exercise-exercise,exercise,"делать упражнения, заниматься спортом",hobbies-and-free-time,Hobbies and Free Time,Sport and Exercise,medium,3,,Doctors say we should exercise for at least thirty minutes daily.,To do physical activity to keep your body healthy and strong.,verb,Hobbies and Free Time Core,built-in
hobbies-and-free-time-sport-and-exercise-equipment,equipment,"оборудование, снаряжение",hobbies-and-free-time,Hobbies and Free Time,Sport and Exercise,medium,3,,The club buys all the sports equipment for the children.,The tools and things you need for a particular activity.,noun,Hobbies and Free Time Core,built-in
hobbies-and-free-time-sport-and-exercise-competition,competition,"соревнование, конкурс",hobbies-and-free-time,Hobbies and Free Time,Sport and Exercise,medium,3,,She won first prize in the swimming competition last month.,An event in which people try to win a prize.,noun,Hobbies and Free Time Core,built-in
hobbies-and-free-time-sport-and-exercise-champion,champion,чемпион,hobbies-and-free-time,Hobbies and Free Time,Sport and Exercise,medium,3,,The young champion held up the cup and smiled.,The person who wins an important sports event.,noun,Hobbies and Free Time Core,built-in
hobbies-and-free-time-sport-and-exercise-referee,referee,судья (в спорте),hobbies-and-free-time,Hobbies and Free Time,Sport and Exercise,hard,5,ref-er-ee,The referee stopped the match when the player fell down.,The person who controls a game and makes sure rules are followed.,noun,Hobbies and Free Time Core,built-in
hobbies-and-free-time-sport-and-exercise-stadium,stadium,стадион,hobbies-and-free-time,Hobbies and Free Time,Sport and Exercise,easy,2,,Thousands of fans filled the stadium for the final.,A large open building where sports matches are played.,noun,Hobbies and Free Time Core,built-in
hobbies-and-free-time-sport-and-exercise-take-part-in,take part in,участвовать в,hobbies-and-free-time,Hobbies and Free Time,Sport and Exercise,easy,2,,Everyone in our class wants to take part in the race.,To be involved in an activity together with other people.,phrase,Hobbies and Free Time Core,built-in
hobbies-and-free-time-creative-hobbies-paint,paint,рисовать красками,hobbies-and-free-time,Hobbies and Free Time,Creative Hobbies,easy,2,,My sister likes to paint pictures of flowers and trees.,To make a picture using coloured liquid and a brush.,verb,Hobbies and Free Time Core,built-in
hobbies-and-free-time-creative-hobbies-knit,knit,вязать,hobbies-and-free-time,Hobbies and Free Time,Creative Hobbies,medium,4,silent k,My grandmother taught me how to knit a warm scarf.,To make clothes from wool using two long needles.,verb,Hobbies and Free Time Core,built-in
hobbies-and-free-time-creative-hobbies-sew,sew,шить,hobbies-and-free-time,Hobbies and Free Time,Creative Hobbies,medium,4,sew sounds like so,"Can you sew this button back onto my shirt, please?",To join pieces of cloth using a needle and thread.,verb,Hobbies and Free Time Core,built-in
hobbies-and-free-time-creative-hobbies-hobby,hobby,"хобби, увлечение",hobbies-and-free-time,Hobbies and Free Time,Creative Hobbies,medium,3,double b,Photography is not just a hobby for me; it is my passion.,An activity that you enjoy doing in your free time.,noun,Hobbies and Free Time Core,built-in
hobbies-and-free-time-creative-hobbies-photography,photography,"фотография, фотосъёмка",hobbies-and-free-time,Hobbies and Free Time,Creative Hobbies,hard,5,ph sounds like f,She is studying photography because she wants to work for a magazine.,The art or job of taking pictures with a camera.,noun,Hobbies and Free Time Core,built-in
hobbies-and-free-time-creative-hobbies-guitar,guitar,гитара,hobbies-and-free-time,Hobbies and Free Time,Creative Hobbies,medium,3,,He plays the guitar in a small band at weekends.,A musical instrument with strings that you play with your fingers.,noun,Hobbies and Free Time Core,built-in
hobbies-and-free-time-creative-hobbies-instrument,instrument,(музыкальный) инструмент,hobbies-and-free-time,Hobbies and Free Time,Creative Hobbies,medium,3,,Which musical instrument would you like to learn to play?,An object such as a piano that you use to make music.,noun,Hobbies and Free Time Core,built-in
hobbies-and-free-time-creative-hobbies-gardening,gardening,садоводство,hobbies-and-free-time,Hobbies and Free Time,Creative Hobbies,medium,3,,"Gardening is a relaxing hobby, especially on warm sunny days.","The activity of growing flowers, vegetables and plants around your house.",noun,Hobbies and Free Time Core,built-in
hobbies-and-free-time-creative-hobbies-collect,collect,"коллекционировать, собирать",hobbies-and-free-time,Hobbies and Free Time,Creative Hobbies,medium,3,,My brother likes to collect old coins and stamps.,To bring things together as a hobby because you like them.,verb,Hobbies and Free Time Core,built-in
hobbies-and-free-time-creative-hobbies-craft,craft,"ремесло, рукоделие",hobbies-and-free-time,Hobbies and Free Time,Creative Hobbies,easy,2,,We made a paper bird in the craft lesson at school.,An activity in which you make things with your hands.,noun,Hobbies and Free Time Core,built-in
hobbies-and-free-time-relaxing-and-going-out-cinema,cinema,кинотеатр,hobbies-and-free-time,Hobbies and Free Time,Relaxing and Going Out,medium,3,,We usually go to the cinema on Friday evening.,A building where people go to watch films.,noun,Hobbies and Free Time Core,built-in
hobbies-and-free-time-relaxing-and-going-out-concert,concert,концерт,hobbies-and-free-time,Hobbies and Free Time,Relaxing and Going Out,easy,2,,"The concert starts at eight, so we must leave early.",A public performance of music by singers or musicians.,noun,Hobbies and Free Time Core,built-in
hobbies-and-free-time-relaxing-and-going-out-audience,audience,"публика, зрители",hobbies-and-free-time,Hobbies and Free Time,Relaxing and Going Out,hard,5,ends in -ence,The audience clapped loudly at the end of the show.,The people who sit and watch a play or concert.,noun,Hobbies and Free Time Core,built-in
hobbies-and-free-time-relaxing-and-going-out-festival,festival,фестиваль,hobbies-and-free-time,Hobbies and Free Time,Relaxing and Going Out,medium,2,,Thousands of young people travel to the music festival every summer.,"A series of public events, often with music, that lasts several days.",noun,Hobbies and Free Time Core,built-in
hobbies-and-free-time-relaxing-and-going-out-board-game,board game,настольная игра,hobbies-and-free-time,Hobbies and Free Time,Relaxing and Going Out,easy,2,,On rainy days we play a board game together as a family.,A game played on a flat surface with pieces and dice.,phrase,Hobbies and Free Time Core,built-in
hobbies-and-free-time-relaxing-and-going-out-relax,relax,расслабляться,hobbies-and-free-time,Hobbies and Free Time,Relaxing and Going Out,easy,2,,I like to relax with a good book after dinner.,To rest and feel calm after work or stress.,verb,Hobbies and Free Time Core,built-in
hobbies-and-free-time-relaxing-and-going-out-enjoyable,enjoyable,"приятный, увлекательный",hobbies-and-free-time,Hobbies and Free Time,Relaxing and Going Out,hard,4,-able,The trip to the mountains was really enjoyable for everyone.,Giving you pleasure; something you like doing.,adjective,Hobbies and Free Time Core,built-in
hobbies-and-free-time-relaxing-and-going-out-exciting,exciting,"захватывающий, волнующий",hobbies-and-free-time,Hobbies and Free Time,Relaxing and Going Out,medium,3,,The last ten minutes of the match were really exciting.,"Making you feel happy, interested and full of energy.",adjective,Hobbies and Free Time Core,built-in
city-and-transport-places-in-the-city-skyscraper,skyscraper,небоскрёб,city-and-transport,City and Transport,Places in the City,hard,4,sky + scraper,From the top of the skyscraper you can see the whole city.,A very tall building with many floors.,noun,City and Transport Core,built-in
city-and-transport-places-in-the-city-suburb,suburb,пригород,city-and-transport,City and Transport,Places in the City,medium,3,,We live in a quiet suburb about ten kilometres from the centre.,An area on the edge of a large city where people live.,noun,City and Transport Core,built-in
city-and-transport-places-in-the-city-crowded,crowded,"многолюдный, переполненный",city-and-transport,City and Transport,Places in the City,medium,3,,The train was so crowded that I had to stand.,"Full of people, with little space to move.",adjective,City and Transport Core,built-in
city-and-transport-getting-around-platform,platform,"платформа, перрон",city-and-transport,City and Transport,Getting Around,easy,2,,Your train leaves from platform three in five minutes.,The place in a station where you get on a train.,noun,City and Transport Core,built-in
city-and-transport-getting-around-passenger,passenger,пассажир,city-and-transport,City and Transport,Getting Around,medium,4,double s,Every passenger must show a ticket before getting on the bus.,A person who travels in a vehicle but does not drive it.,noun,City and Transport Core,built-in
city-and-transport-getting-around-underground,underground,"метро, подземка",city-and-transport,City and Transport,Getting Around,medium,2,,In London it is faster to take the underground than a taxi.,A railway system that runs in tunnels below a city.,noun,City and Transport Core,built-in
city-and-transport-getting-around-journey,journey,"поездка, путешествие",city-and-transport,City and Transport,Getting Around,medium,4,jour-ney: ends in -ey,The journey to my grandparents' house takes about three hours.,The act of travelling from one place to another.,noun,City and Transport Core,built-in
city-and-transport-getting-around-catch,catch,"ловить, успеть на (транспорт)",city-and-transport,City and Transport,Getting Around,easy,3,,We have to run if we want to catch the last bus.,To get on a bus or train before it leaves.,verb,City and Transport Core,built-in
city-and-transport-getting-around-miss,miss,"опоздать на, пропустить",city-and-transport,City and Transport,Getting Around,easy,2,,"Hurry up, or we will miss the train!",To arrive too late to get on a bus or train.,verb,City and Transport Core,built-in
city-and-transport-getting-around-get-off,get off,выходить (из транспорта),city-and-transport,City and Transport,Getting Around,easy,1,,You need to get off at the next stop.,"To leave a bus, train or plane.",phrase,City and Transport Core,built-in
city-and-transport-getting-around-bus-stop,bus stop,автобусная остановка,city-and-transport,City and Transport,Getting Around,easy,1,,There is a bus stop right outside my school.,A place at the side of the road where buses stop.,phrase,City and Transport Core,built-in
city-and-transport-traffic-and-directions-traffic,traffic,дорожное движение,city-and-transport,City and Transport,Traffic and Directions,medium,4,double f,The traffic was terrible this morning because of the roadworks.,"The cars, buses and lorries that are moving along a road.",noun,City and Transport Core,built-in
city-and-transport-traffic-and-directions-roundabout,roundabout,круговое движение,city-and-transport,City and Transport,Traffic and Directions,medium,3,,Take the second exit at the roundabout and keep going.,A circular place where roads meet and cars go around.,noun,City and Transport Core,built-in
city-and-transport-traffic-and-directions-junction,junction,"перекрёсток, развязка",city-and-transport,City and Transport,Traffic and Directions,medium,3,,Turn left at the next junction and you will see the bank.,A place where two or more roads meet.,noun,City and Transport Core,built-in
city-and-transport-traffic-and-directions-pedestrian,pedestrian,пешеход,city-and-transport,City and Transport,Traffic and Directions,hard,4,,A pedestrian must use the crossing to get over the road safely.,"A person who is walking, not travelling in a vehicle.",noun,City and Transport Core,built-in
city-and-transport-traffic-and-directions-traffic-lights,traffic lights,светофор,city-and-transport,City and Transport,Traffic and Directions,easy,3,,Stop at the traffic lights when they turn red.,"Red, amber and green lights that control cars on a road.",phrase,City and Transport Core,built-in
city-and-transport-traffic-and-directions-straight-on,straight on,прямо,city-and-transport,City and Transport,Traffic and Directions,easy,2,,Go straight on until you see the big white church.,"In the same direction, without turning left or right.",phrase,City and Transport Core,built-in
city-and-transport-traffic-and-directions-opposite,opposite,напротив,city-and-transport,City and Transport,Traffic and Directions,medium,3,,"The bank is opposite the supermarket, next to the bus stop.",On the other side of a street or a room from something.,preposition,City and Transport Core,built-in
city-and-transport-traffic-and-directions-cross,cross,переходить (через дорогу),city-and-transport,City and Transport,Traffic and Directions,easy,2,,Look both ways before you cross the road.,To go from one side of a road to the other.,verb,City and Transport Core,built-in
city-and-transport-traffic-and-directions-park,park,парковать(ся),city-and-transport,City and Transport,Traffic and Directions,easy,1,,You cannot park here because there is a sign.,To leave your car in one place for a time.,verb,City and Transport Core,built-in
city-and-transport-traffic-and-directions-lost,lost,"заблудившийся, потерянный",city-and-transport,City and Transport,Traffic and Directions,easy,2,,We got lost in the old town and asked a policeman.,Not knowing where you are or how to get where you want.,adjective,City and Transport Core,built-in
animals-pets-and-farm-animals-rabbit,rabbit,кролик,animals,Animals,Pets and Farm Animals,medium,3,double b,The rabbit ate a carrot and then ran away.,A small furry animal with long ears that hops.,noun,Animals Core,built-in
animals-pets-and-farm-animals-hamster,hamster,хомяк,animals,Animals,Pets and Farm Animals,medium,3,,My hamster runs on its wheel every night.,A small pet animal like a mouse with a short tail.,noun,Animals Core,built-in
animals-pets-and-farm-animals-puppy,puppy,щенок,animals,Animals,Pets and Farm Animals,medium,3,,We bought a puppy for our children last week.,A very young dog that is still growing.,noun,Animals Core,built-in
animals-pets-and-farm-animals-kitten,kitten,котёнок,animals,Animals,Pets and Farm Animals,medium,3,double t,The little kitten fell asleep on the warm sofa.,A young cat that has not grown up yet.,noun,Animals Core,built-in
animals-pets-and-farm-animals-sheep,sheep,"овца, овцы",animals,Animals,Pets and Farm Animals,easy,2,same in singular and plural,One sheep escaped from the farm and walked down the road.,A farm animal covered in thick wool that eats grass.,noun,Animals Core,built-in
animals-pets-and-farm-animals-chicken,chicken,"курица, цыплёнок",animals,Animals,Pets and Farm Animals,medium,3,,We keep a chicken in the garden that lays eggs.,A farm bird kept for its eggs and meat.,noun,Animals Core,built-in
animals-pets-and-farm-animals-cage,cage,клетка,animals,Animals,Pets and Farm Animals,easy,2,,Please close the cage door so the bird cannot escape.,A box made of bars where animals or birds are kept.,noun,Animals Core,built-in
animals-pets-and-farm-animals-lead,lead,поводок,animals,Animals,Pets and Farm Animals,easy,2,,Keep your dog on a lead near the busy road.,A long strap fixed to a dog's collar so you can control it.,noun,Animals Core,built-in
animals-pets-and-farm-animals-feed,feed,кормить,animals,Animals,Pets and Farm Animals,easy,2,,Please feed the fish twice a day while I am away.,To give food to a person or animal.,verb,Animals Core,built-in
animals-pets-and-farm-animals-stroke,stroke,гладить,animals,Animals,Pets and Farm Animals,medium,3,,The cat loves it when you stroke its head.,To move your hand gently over an animal's fur.,verb,Animals Core,built-in
animals-wild-animals-elephant,elephant,слон,animals,Animals,Wild Animals,medium,3,ph sounds like f,The elephant used its long trunk to drink water.,A huge grey animal with a long nose and big ears.,noun,Animals Core,built-in
animals-wild-animals-giraffe,giraffe,жираф,animals,Animals,Wild Animals,hard,4,double f,A giraffe can reach leaves at the top of tall trees.,A tall African animal with a very long neck.,noun,Animals Core,built-in
animals-wild-animals-crocodile,crocodile,крокодил,animals,Animals,Wild Animals,hard,4,,A crocodile was lying still on the river bank.,A large reptile with a long mouth and sharp teeth.,noun,Animals Core,built-in
animals-wild-animals-monkey,monkey,обезьяна,animals,Animals,Wild Animals,easy,3,,The monkey jumped from tree to tree very quickly.,An animal with a long tail that climbs trees and eats fruit.,noun,Animals Core,built-in
animals-wild-animals-dolphin,dolphin,дельфин,animals,Animals,Wild Animals,medium,3,,We saw a dolphin jump out of the water from the boat.,A clever sea animal that jumps and makes high sounds.,noun,Animals Core,built-in
animals-wild-animals-penguin,penguin,пингвин,animals,Animals,Wild Animals,medium,3,,The penguin slid across the ice on its stomach.,A black and white bird that swims but cannot fly.,noun,Animals Core,built-in
animals-wild-animals-chase,chase,"гнаться за, преследовать",animals,Animals,Wild Animals,medium,3,,Dogs like to chase balls and sticks in the park.,To run after someone or something to catch them.,verb,Animals Core,built-in
animals-wild-animals-scary,scary,страшный,animals,Animals,Wild Animals,easy,2,,The film about the giant snake was too scary for me.,Frightening and making you feel afraid.,adjective,Animals Core,built-in
animals-wild-animals-fierce,fierce,свирепый,animals,Animals,Wild Animals,medium,4,,The lion looked fierce as it showed its sharp teeth.,"Angry, aggressive and ready to attack.",adjective,Animals Core,built-in
animals-animal-life-tail,tail,хвост,animals,Animals,Animal Life,easy,1,,The dog wagged its tail when it saw me.,The long part at the back of an animal's body.,noun,Animals Core,built-in
animals-animal-life-feather,feather,перо,animals,Animals,Animal Life,medium,3,,She found a beautiful blue feather on the ground.,One of the light soft parts that cover a bird.,noun,Animals Core,built-in
animals-animal-life-fur,fur,"мех, шерсть",animals,Animals,Animal Life,easy,1,,The cat's soft fur was covered in snow.,The thick soft hair that covers the bodies of some animals.,noun,Animals Core,built-in
animals-animal-life-paw,paw,лапа,animals,Animals,Animal Life,easy,2,,The dog hurt its paw while running on the stones.,The soft foot of an animal such as a cat or dog.,noun,Animals Core,built-in
animals-animal-life-hunt,hunt,охотиться,animals,Animals,Animal Life,easy,1,,Lions hunt at night when it is cooler.,To chase and kill animals for food.,verb,Animals Core,built-in
animals-animal-life-bite,bite,кусать,animals,Animals,Animal Life,easy,2,,"Be careful, that dog might bite you if you touch it.",To use your teeth to cut into something.,verb,Animals Core,built-in
animals-animal-life-migrate,migrate,"мигрировать, перелетать",animals,Animals,Animal Life,medium,3,,Many birds migrate to warmer countries before the winter starts.,To move to another region at a certain time of year.,verb,Animals Core,built-in
animals-animal-life-wild,wild,дикий,animals,Animals,Animal Life,easy,2,,Wild horses still live freely in some parts of the mountains.,Living in nature and not kept by people.,adjective,Animals Core,built-in
animals-animal-life-extinct,extinct,вымерший,animals,Animals,Animal Life,hard,4,ex-tinct,Dinosaurs became extinct millions of years before humans appeared on Earth.,No longer existing because all the animals of the kind have died.,adjective,Animals Core,built-in
animals-animal-life-endangered,endangered,находящийся под угрозой исчезновения,animals,Animals,Animal Life,hard,4,en-danger-ed,The tiger is an endangered animal because people hunt it.,In danger of disappearing from the world forever.,adjective,Animals Core,built-in
describing-things-size-and-shape-enormous,enormous,огромный,describing-things,Describing Things,Size and Shape,medium,3,,They live in an enormous house with twelve bedrooms.,"Extremely large, much bigger than normal size.",adjective,Describing Things Core,built-in
describing-things-size-and-shape-tiny,tiny,крошечный,describing-things,Describing Things,Size and Shape,easy,2,,There was a tiny spider on the kitchen wall.,"Very, very small, much smaller than usual.",adjective,Describing Things Core,built-in
describing-things-size-and-shape-narrow,narrow,узкий,describing-things,Describing Things,Size and Shape,medium,3,,The road was so narrow that two cars could not pass.,"Small in width, not wide from one side to the other.",adjective,Describing Things Core,built-in
describing-things-size-and-shape-rectangular,rectangular,прямоугольный,describing-things,Describing Things,Size and Shape,hard,5,rect + angular,"Our dining table is rectangular, so eight people can sit round it.","Having four straight sides and four right angles, not a square.",adjective,Describing Things Core,built-in
describing-things-size-and-shape-circular,circular,круглый,describing-things,Describing Things,Size and Shape,medium,3,,We had dinner at a small circular table by the window.,Shaped like a ring or a round plate.,adjective,Describing Things Core,built-in
describing-things-size-and-shape-straight,straight,прямой,describing-things,Describing Things,Size and Shape,easy,3,,Draw a straight line from this point to the edge.,Not curved or bent in any direction.,adjective,Describing Things Core,built-in
describing-things-size-and-shape-flat,flat,плоский,describing-things,Describing Things,Size and Shape,easy,1,,I prefer flat shoes because high heels hurt my feet.,"Smooth and level, without any raised or curved parts.",adjective,Describing Things Core,built-in
describing-things-size-and-shape-thick,thick,толстый (о предмете),describing-things,Describing Things,Size and Shape,easy,2,,She was reading a very thick book about history.,Having a large distance between two opposite surfaces.,adjective,Describing Things Core,built-in
describing-things-size-and-shape-shallow,shallow,мелкий,describing-things,Describing Things,Size and Shape,medium,4,double l,"The water is shallow here, so small children can play safely.",Not deep; measuring only a short way from top to bottom.,adjective,Describing Things Core,built-in
describing-things-size-and-shape-slightly,slightly,"слегка, немного",describing-things,Describing Things,Size and Shape,medium,3,,The soup is slightly too salty for my taste.,To a small degree; a little.,adverb,Describing Things Core,built-in
describing-things-material-and-texture-wooden,wooden,деревянный,describing-things,Describing Things,Material and Texture,easy,2,,We sat on a wooden bench near the lake.,Made from the hard material that comes from trees.,adjective,Describing Things Core,built-in
describing-things-material-and-texture-leather,leather,кожа (материал),describing-things,Describing Things,Material and Texture,medium,3,,My new bag is made of soft brown leather.,The strong skin of an animal used to make shoes and bags.,noun,Describing Things Core,built-in
describing-things-material-and-texture-cotton,cotton,хлопок,describing-things,Describing Things,Material and Texture,easy,2,,Cotton T-shirts are more comfortable than wool in hot weather.,A soft white plant fibre used to make cloth.,noun,Describing Things Core,built-in
describing-things-material-and-texture-plastic,plastic,пластмассовый,describing-things,Describing Things,Material and Texture,easy,2,,The children drank juice from small plastic cups.,"Made of a light, man-made material, not natural.",adjective,Describing Things Core,built-in
describing-things-material-and-texture-smooth,smooth,гладкий,describing-things,Describing Things,Material and Texture,easy,3,,The stone felt cool and smooth in my hand.,Having an even surface with no bumps or rough parts.,adjective,Describing Things Core,built-in
describing-things-material-and-texture-rough,rough,"шероховатый, грубый",describing-things,Describing Things,Material and Texture,medium,5,ough sounds like uff,His hands were rough after years of work on the farm.,Not smooth or even; with a hard uneven surface.,adjective,Describing Things Core,built-in
describing-things-material-and-texture-sticky,sticky,липкий,describing-things,Describing Things,Material and Texture,easy,2,,My fingers are sticky because I ate a lot of honey.,Covered with a substance that makes things stick to it.,adjective,Describing Things Core,built-in
describing-things-material-and-texture-shiny,shiny,блестящий,describing-things,Describing Things,Material and Texture,easy,2,,She polished her shoes until they were clean and shiny.,Bright and reflecting light from a smooth surface.,adjective,Describing Things Core,built-in
describing-things-material-and-texture-transparent,transparent,прозрачный,describing-things,Describing Things,Material and Texture,hard,4,,"The bottle is transparent, so you can see the liquid inside.",Clear enough for you to see through it.,adjective,Describing Things Core,built-in
describing-things-material-and-texture-fragile,fragile,хрупкий,describing-things,Describing Things,Material and Texture,medium,3,,Be careful with that box; the glasses inside are fragile.,"Easily broken or damaged, so it needs careful handling.",adjective,Describing Things Core,built-in
describing-things-quality-and-colour-beige,beige,бежевый,describing-things,Describing Things,Quality and Colour,medium,4,"ei in the middle, ends in -ge",She wore a beige coat and brown boots.,"A pale sandy-brown colour, like light coffee with milk.",adjective,Describing Things Core,built-in
describing-things-quality-and-colour-turquoise,turquoise,бирюзовый,describing-things,Describing Things,Quality and Colour,hard,5,"tur-quoise: qu, then oise",The sea near the island was a bright turquoise colour.,A blue-green colour like tropical seawater.,adjective,Describing Things Core,built-in
describing-things-quality-and-colour-grey,grey,серый,describing-things,Describing Things,Quality and Colour,easy,2,"British spelling: grey, not gray",The sky was grey and it started to rain.,"The colour between black and white, like storm clouds.",adjective,Describing Things Core,built-in
describing-things-quality-and-colour-excellent,excellent,отличный,describing-things,Describing Things,Quality and Colour,medium,3,,"Your English is excellent, and you speak very clearly.",Extremely good; of very high quality.,adjective,Describing Things Core,built-in
describing-things-quality-and-colour-terrible,terrible,ужасный,describing-things,Describing Things,Quality and Colour,medium,3,,I had a terrible headache and stayed in bed all day.,"Very bad, causing fear or great unhappiness.",adjective,Describing Things Core,built-in
describing-things-quality-and-colour-ordinary,ordinary,обычный,describing-things,Describing Things,Quality and Colour,medium,3,,"It was an ordinary day, and nothing special happened.","Normal and usual, not special or different in any way.",adjective,Describing Things Core,built-in
describing-things-quality-and-colour-unusual,unusual,необычный,describing-things,Describing Things,Quality and Colour,medium,3,,It is unusual for him to be late for work.,Different from what is normal or expected.,adjective,Describing Things Core,built-in
describing-things-quality-and-colour-carefully,carefully,"осторожно, внимательно",describing-things,Describing Things,Quality and Colour,easy,2,,Please read the instructions carefully before you start.,"In a way that avoids mistakes, damage or danger.",adverb,Describing Things Core,built-in
describing-things-quality-and-colour-extremely,extremely,"крайне, чрезвычайно",describing-things,Describing Things,Quality and Colour,medium,3,,"The water was extremely cold, so we did not swim.",To a very high degree; very much.,adverb,Describing Things Core,built-in
phone-and-messages-phone-basics-signal,signal,сигнал,phone-and-messages,Phone and Messages,Phone Basics,medium,3,,"There is no signal in the mountains, so I cannot call.",The connection that lets your phone work with the network.,noun,Phone and Messages Core,built-in
phone-and-messages-phone-basics-switch-off,switch off,выключать,phone-and-messages,Phone and Messages,Phone Basics,easy,2,,Please switch off your phone before the film begins.,To stop a machine working by pressing a button.,phrase,Phone and Messages Core,built-in
phone-and-messages-phone-basics-silent,silent,беззвучный,phone-and-messages,Phone and Messages,Phone Basics,medium,3,,"Put your phone on silent during the lesson, please.","Making no noise, so that nobody can hear it.",adjective,Phone and Messages Core,built-in
phone-and-messages-calls-call-back,call back,перезвонить,phone-and-messages,Phone and Messages,Calls,easy,1,,"I am busy now, so can I call back later?","To phone someone again, often after missing their call.",phrase,Phone and Messages Core,built-in
phone-and-messages-calls-hang-up,hang up,положить трубку,phone-and-messages,Phone and Messages,Calls,easy,1,,She was angry and decided to hang up on him.,To end a phone call by pressing a button.,phrase,Phone and Messages Core,built-in
phone-and-messages-calls-voicemail,voicemail,голосовая почта,phone-and-messages,Phone and Messages,Calls,medium,3,,"Nobody answered, so I left a voicemail for her.",A phone service that records messages when you cannot pick up.,noun,Phone and Messages Core,built-in
phone-and-messages-calls-ring,ring,звонить,phone-and-messages,Phone and Messages,Calls,easy,1,,My phone started to ring in the middle of the lesson.,To make a sound to show that someone is calling.,verb,Phone and Messages Core,built-in
phone-and-messages-calls-reception,reception,приём (сигнала),phone-and-messages,Phone and Messages,Calls,medium,4,re-cep-tion,I can't hear you because the reception is very bad here.,The quality of the signal your phone gets.,noun,Phone and Messages Core,built-in
phone-and-messages-calls-ringtone,ringtone,"рингтон, мелодия звонка",phone-and-messages,Phone and Messages,Calls,medium,3,,I changed my ringtone to a funny song.,The music or sound your phone makes when someone calls.,noun,Phone and Messages Core,built-in
phone-and-messages-calls-conversation,conversation,разговор,phone-and-messages,Phone and Messages,Calls,medium,4,conver-sa-tion,We had a long conversation on the phone last night.,A talk between two or more people.,noun,Phone and Messages Core,built-in
phone-and-messages-calls-mobile,mobile,мобильный телефон,phone-and-messages,Phone and Messages,Calls,easy,2,,I left my mobile on the bus this morning.,A small phone that you can carry with you.,noun,Phone and Messages Core,built-in
phone-and-messages-texting-and-online-message,message,сообщение,phone-and-messages,Phone and Messages,Texting and Online,medium,3,,"I sent you a message, but you did not reply.",A short piece of written information sent to someone.,noun,Phone and Messages Core,built-in
phone-and-messages-texting-and-online-text,text,"писать сообщение, отправлять смс",phone-and-messages,Phone and Messages,Texting and Online,easy,1,,I will text you when I get to the station.,To send a short written message from your phone.,verb,Phone and Messages Core,built-in
phone-and-messages-texting-and-online-reply,reply,отвечать (на сообщение),phone-and-messages,Phone and Messages,Texting and Online,medium,3,,Please reply to my email as soon as you can.,To answer a message or letter that someone sent you.,verb,Phone and Messages Core,built-in
phone-and-messages-texting-and-online-forward,forward,пересылать,phone-and-messages,Phone and Messages,Texting and Online,medium,3,,Can you forward this email to the whole team?,To send a message you received to another person.,verb,Phone and Messages Core,built-in
phone-and-messages-texting-and-online-screenshot,screenshot,скриншот,phone-and-messages,Phone and Messages,Texting and Online,medium,3,,I took a screenshot of the map and sent it to him.,A picture of what you can see on your screen.,noun,Phone and Messages Core,built-in
phone-and-messages-texting-and-online-log-in,log in,входить (в аккаунт),phone-and-messages,Phone and Messages,Texting and Online,easy,1,,You need to log in with your email and password.,To enter a website or app by typing your details.,phrase,Phone and Messages Core,built-in
phone-and-messages-texting-and-online-online,online,"онлайн, в сети",phone-and-messages,Phone and Messages,Texting and Online,easy,2,,I like to shop online because it saves so much time.,"Connected to the internet, or done using the internet.",adjective,Phone and Messages Core,built-in
